// GENERATED by tools/gen_font_atlas.py — DO NOT EDIT.
// face: Inter-SemiBold.ttf @ 64px, thresholded to 1 bpp (no dithering, per FR-4a)
#pragma once
#include <stdint.h>

#define FONT_VALUE_FIRST_CHAR 32
#define FONT_VALUE_LAST_CHAR  126
#define FONT_VALUE_PX        64
#define FONT_VALUE_GLYPH_COUNT 95
#define FONT_VALUE_ASCENT   62
#define FONT_VALUE_DESCENT  16
#define FONT_VALUE_LINE_HEIGHT 78

typedef struct { uint32_t off; uint8_t w, h; uint8_t advance; int8_t bx, by; } font_value_glyph_t;

static const font_value_glyph_t FONT_VALUE_GLYPHS[FONT_VALUE_GLYPH_COUNT] = {
    { 0u, 0, 0, 16, 0, 0 },
    { 0u, 10, 47, 21, 5, -47 },
    { 94u, 21, 19, 33, 6, -47 },
    { 151u, 39, 47, 41, 1, -47 },
    { 386u, 36, 60, 42, 3, -54 },
    { 686u, 52, 48, 64, 6, -47 },
    { 1022u, 38, 47, 42, 3, -47 },
    { 1257u, 8, 19, 21, 6, -47 },
    { 1276u, 15, 59, 24, 6, -50 },
    { 1394u, 15, 59, 24, 3, -50 },
    { 1512u, 25, 27, 35, 5, -47 },
    { 1620u, 31, 32, 43, 6, -35 },
    { 1748u, 11, 19, 20, 4, -7 },
    { 1786u, 21, 7, 30, 4, -23 },
    { 1807u, 10, 9, 20, 5, -9 },
    { 1825u, 22, 57, 24, 1, -50 },
    { 1996u, 36, 47, 42, 3, -47 },
    { 2231u, 19, 47, 27, 3, -47 },
    { 2372u, 32, 47, 40, 4, -47 },
    { 2560u, 34, 47, 41, 3, -47 },
    { 2795u, 37, 47, 43, 3, -47 },
    { 3030u, 33, 47, 39, 3, -47 },
    { 3265u, 35, 47, 41, 3, -47 },
    { 3500u, 31, 47, 37, 3, -47 },
    { 3688u, 35, 47, 41, 3, -47 },
    { 3923u, 35, 47, 41, 3, -47 },
    { 4158u, 10, 33, 20, 5, -33 },
    { 4224u, 12, 45, 21, 4, -33 },
    { 4314u, 31, 35, 43, 5, -36 },
    { 4454u, 31, 22, 43, 6, -30 },
    { 4542u, 31, 35, 43, 7, -36 },
    { 4682u, 29, 47, 35, 3, -47 },
    { 4870u, 58, 60, 64, 3, -47 },
    { 5350u, 43, 47, 47, 2, -47 },
    { 5632u, 34, 47, 42, 5, -47 },
    { 5867u, 41, 47, 47, 3, -47 },
    { 6149u, 38, 47, 46, 5, -47 },
    { 6384u, 30, 47, 39, 5, -47 },
    { 6572u, 30, 47, 38, 5, -47 },
    { 6760u, 42, 47, 48, 3, -47 },
    { 7042u, 38, 47, 48, 5, -47 },
    { 7277u, 8, 47, 18, 5, -47 },
    { 7324u, 30, 47, 37, 2, -47 },
    { 7512u, 38, 47, 45, 5, -47 },
    { 7747u, 29, 47, 36, 5, -47 },
    { 7935u, 49, 47, 59, 5, -47 },
    { 8264u, 39, 47, 49, 5, -47 },
    { 8499u, 43, 47, 49, 3, -47 },
    { 8781u, 33, 47, 41, 5, -47 },
    { 9016u, 43, 51, 49, 3, -47 },
    { 9322u, 35, 47, 42, 5, -47 },
    { 9557u, 36, 48, 42, 3, -47 },
    { 9797u, 37, 47, 42, 3, -47 },
    { 10032u, 37, 47, 47, 5, -47 },
    { 10267u, 43, 47, 47, 2, -47 },
    { 10549u, 62, 47, 65, 2, -47 },
    { 10925u, 42, 47, 46, 2, -47 },
    { 11207u, 42, 47, 46, 2, -47 },
    { 11489u, 34, 47, 42, 4, -47 },
    { 11724u, 14, 59, 24, 6, -50 },
    { 11842u, 22, 57, 24, 1, -50 },
    { 12013u, 15, 59, 24, 3, -50 },
    { 12131u, 25, 21, 31, 3, -47 },
    { 12215u, 30, 7, 30, 0, 0 },
    { 12243u, 12, 10, 22, 5, -50 },
    { 12263u, 30, 37, 37, 2, -36 },
    { 12411u, 33, 47, 40, 4, -47 },
    { 12646u, 31, 37, 37, 3, -36 },
    { 12794u, 33, 47, 40, 3, -47 },
    { 13029u, 32, 37, 38, 3, -36 },
    { 13177u, 23, 50, 25, 1, -50 },
    { 13327u, 33, 49, 40, 3, -36 },
    { 13572u, 31, 47, 39, 4, -47 },
    { 13760u, 9, 50, 17, 4, -50 },
    { 13860u, 14, 63, 17, -1, -50 },
    { 13986u, 32, 47, 36, 4, -47 },
    { 14174u, 8, 47, 17, 4, -47 },
    { 14221u, 49, 36, 58, 4, -36 },
    { 14473u, 31, 36, 39, 4, -36 },
    { 14617u, 33, 37, 39, 3, -36 },
    { 14802u, 33, 49, 40, 4, -36 },
    { 15047u, 33, 49, 40, 3, -36 },
    { 15292u, 20, 36, 25, 4, -36 },
    { 15400u, 30, 37, 35, 3, -36 },
    { 15548u, 20, 44, 23, 1, -44 },
    { 15680u, 31, 36, 39, 4, -36 },
    { 15824u, 35, 36, 38, 1, -36 },
    { 16004u, 50, 36, 54, 2, -36 },
    { 16256u, 33, 36, 36, 2, -36 },
    { 16436u, 35, 49, 38, 1, -36 },
    { 16681u, 28, 36, 36, 4, -36 },
    { 16825u, 22, 59, 29, 4, -50 },
    { 17002u, 7, 78, 23, 8, -63 },
    { 17080u, 22, 59, 29, 3, -50 },
    { 17257u, 33, 14, 43, 5, -26 },
};

#define FONT_VALUE_EXTRA_COUNT 1
/* Non-ASCII glyphs, indexed from the END of the ASCII table: the glyph
 * index for a codepoint stored here is (codepoint - ASCII_FIRST_CHAR) +
 * (codepoint > ASCII_LAST_CHAR ? count - 1 : 0). See font_glyph(). */
typedef struct { uint32_t codepoint; uint32_t off; uint8_t w, h; uint8_t advance; int8_t bx, by; } font_value_extra_t;

static const font_value_extra_t FONT_VALUE_EXTRA[FONT_VALUE_EXTRA_COUNT] = {
    { 176u, 17327u, 22, 22, 29, 4, -48 },
};

static const uint8_t FONT_VALUE_BITS[17393] = {
    0x7F, 0xC0, 0x7F, 0xC0, 0x7F, 0xC0, 0x7F, 0xC0, 0x7F, 0xC0, 0x7F, 0xC0, 0x7F, 0xC0, 0x7F, 0xC0,
    0x7F, 0xC0, 0x7F, 0xC0, 0x7F, 0x80, 0x7F, 0x80, 0x7F, 0x80, 0x7F, 0x80, 0x7F, 0x80, 0x7F, 0x80,
    0x7F, 0x80, 0x7F, 0x80, 0x7F, 0x80, 0x7F, 0x80, 0x7F, 0x80, 0x7F, 0x80, 0x7F, 0x80, 0x7F, 0x80,
    0x7F, 0x80, 0x7F, 0x80, 0x7F, 0x80, 0x7F, 0x80, 0x7F, 0x80, 0x7F, 0x80, 0x7F, 0x80, 0x7F, 0x80,
    0x00, 0x00, 0x00, 0x00, 0x00, 0x00, 0x00, 0x00, 0x00, 0x00, 0x00, 0x00, 0x3F, 0x00, 0x7F, 0x80,
    0x7F, 0xC0, 0xFF, 0xC0, 0xFF, 0xC0, 0xFF, 0xC0, 0x7F, 0xC0, 0x7F, 0x80, 0x3F, 0x00, 0xFF, 0x07,
    0xF8, 0xFF, 0x07, 0xF8, 0x7F, 0x07, 0xF8, 0x7F, 0x07, 0xF8, 0x7F, 0x07, 0xF8, 0x7F, 0x07, 0xF8,
    0x7F, 0x07, 0xF8, 0x7F, 0x07, 0xF8, 0x7F, 0x07, 0xF8, 0x7F, 0x07, 0xF8, 0x7F, 0x07, 0xF8, 0x7F,
    0x03, 0xF8, 0x7F, 0x03, 0xF8, 0x7F, 0x03, 0xF0, 0x7F, 0x03, 0xF0, 0x7F, 0x03, 0xF0, 0x7F, 0x03,
    0xF0, 0x7F, 0x03, 0xF0, 0x7F, 0x03, 0xF0, 0x00, 0x0F, 0xC0, 0x0F, 0xE0, 0x00, 0x0F, 0xC0, 0x0F,
    0xC0, 0x00, 0x0F, 0xC0, 0x0F, 0xC0, 0x00, 0x1F, 0xC0, 0x0F, 0xC0, 0x00, 0x1F, 0xC0, 0x0F, 0xC0,
    0x00, 0x1F, 0x80, 0x1F, 0xC0, 0x00, 0x1F, 0x80, 0x1F, 0xC0, 0x00, 0x1F, 0x80, 0x1F, 0x80, 0x00,
    0x1F, 0x80, 0x1F, 0x80, 0x00, 0x3F, 0x80, 0x1F, 0x80, 0x00, 0x3F, 0x00, 0x1F, 0x80, 0x0F, 0xFF,
    0xFF, 0xFF, 0xFE, 0x1F, 0xFF, 0xFF, 0xFF, 0xFE, 0x1F, 0xFF, 0xFF, 0xFF, 0xFE, 0x1F, 0xFF, 0xFF,
    0xFF, 0xFE, 0x1F, 0xFF, 0xFF, 0xFF, 0xFE, 0x1F, 0xFF, 0xFF, 0xFF, 0xFC, 0x1F, 0xFF, 0xFF, 0xFF,
    0xFC, 0x00, 0x7E, 0x00, 0x7F, 0x00, 0x00, 0x7E, 0x00, 0x7E, 0x00, 0x00, 0x7E, 0x00, 0x7E, 0x00,
    0x00, 0xFE, 0x00, 0x7E, 0x00, 0x00, 0xFE, 0x00, 0x7E, 0x00, 0x00, 0xFC, 0x00, 0x7E, 0x00, 0x00,
    0xFC, 0x00, 0xFE, 0x00, 0x00, 0xFC, 0x00, 0xFE, 0x00, 0x00, 0xFC, 0x00, 0xFC, 0x00, 0x00, 0xFC,
    0x00, 0xFC, 0x00, 0x7F, 0xFF, 0xFF, 0xFF, 0xF0, 0x7F, 0xFF, 0xFF, 0xFF, 0xF0, 0x7F, 0xFF, 0xFF,
    0xFF, 0xF0, 0xFF, 0xFF, 0xFF, 0xFF, 0xF0, 0xFF, 0xFF, 0xFF, 0xFF, 0xF0, 0xFF, 0xFF, 0xFF, 0xFF,
    0xF0, 0xFF, 0xFF, 0xFF, 0xFF, 0xF0, 0x03, 0xF8, 0x01, 0xF8, 0x00, 0x03, 0xF0, 0x03, 0xF8, 0x00,
    0x03, 0xF0, 0x03, 0xF8, 0x00, 0x03, 0xF0, 0x03, 0xF8, 0x00, 0x03, 0xF0, 0x03, 0xF0, 0x00, 0x07,
    0xF0, 0x03, 0xF0, 0x00, 0x07, 0xF0, 0x03, 0xF0, 0x00, 0x07, 0xE0, 0x03, 0xF0, 0x00, 0x07, 0xE0,
    0x07, 0xF0, 0x00, 0x07, 0xE0, 0x07, 0xF0, 0x00, 0x07, 0xE0, 0x07, 0xE0, 0x00, 0x07, 0xE0, 0x07,
    0xE0, 0x00, 0x00, 0x00, 0xF0, 0x00, 0x00, 0x00, 0x00, 0xF0, 0x00, 0x00, 0x00, 0x00, 0xF0, 0x00,
    0x00, 0x00, 0x00, 0xF0, 0x00, 0x00, 0x00, 0x00, 0xF0, 0x00, 0x00, 0x00, 0x00, 0xF0, 0x00, 0x00,
    0x00, 0x01, 0xF0, 0x00, 0x00, 0x00, 0x1F, 0xFF, 0xC0, 0x00, 0x00, 0x7F, 0xFF, 0xF0, 0x00, 0x01,
    0xFF, 0xFF, 0xFC, 0x00, 0x03, 0xFF, 0xFF, 0xFE, 0x00, 0x07, 0xFF, 0xFF, 0xFF, 0x00, 0x0F, 0xFF,
    0xFF, 0xFF, 0x80, 0x1F, 0xFF, 0xFF, 0xFF, 0x80, 0x1F, 0xF8, 0xF1, 0xFF, 0xC0, 0x3F, 0xF0, 0xF0,
    0x7F, 0xC0, 0x3F, 0xE0, 0xF0, 0x3F, 0xE0, 0x3F, 0xC0, 0xF0, 0x3F, 0xE0, 0x7F, 0xC0, 0xF0, 0x1F,
    0xE0, 0x7F, 0xC0, 0xF0, 0x1F, 0xE0, 0x7F, 0xC0, 0xF0, 0x00, 0x00, 0x7F, 0xC0, 0xF0, 0x00, 0x00,
    0x7F, 0xC0, 0xF0, 0x00, 0x00, 0x3F, 0xE0, 0xF0, 0x00, 0x00, 0x3F, 0xF8, 0xF0, 0x00, 0x00, 0x3F,
    0xFE, 0xF0, 0x00, 0x00, 0x1F, 0xFF, 0xF0, 0x00, 0x00, 0x0F, 0xFF, 0xFC, 0x00, 0x00, 0x07, 0xFF,
    0xFF, 0x80, 0x00, 0x03, 0xFF, 0xFF, 0xF0, 0x00, 0x00, 0xFF, 0xFF, 0xFC, 0x00, 0x00, 0x3F, 0xFF,
    0xFE, 0x00, 0x00, 0x0F, 0xFF, 0xFF, 0x00, 0x00, 0x00, 0xFF, 0xFF, 0x80, 0x00, 0x00, 0xFF, 0xFF,
    0xC0, 0x00, 0x00, 0xF1, 0xFF, 0xC0, 0x00, 0x00, 0xF0, 0x7F, 0xE0, 0x00, 0x00, 0xF0, 0x3F, 0xE0,
    0x00, 0x00, 0xF0, 0x1F, 0xE0, 0x00, 0x00, 0xF0, 0x1F, 0xF0, 0xFF, 0x00, 0xF0, 0x1F, 0xF0, 0xFF,
    0x00, 0xF0, 0x1F, 0xF0, 0xFF, 0x80, 0xF0, 0x1F, 0xF0, 0xFF, 0x80, 0xF0, 0x1F, 0xE0, 0x7F, 0xC0,
    0xF0, 0x3F, 0xE0, 0x7F, 0xE0, 0xF0, 0x7F, 0xE0, 0x7F, 0xF0, 0xF1, 0xFF, 0xE0, 0x3F, 0xFF, 0xFF,
    0xFF, 0xC0, 0x1F, 0xFF, 0xFF, 0xFF, 0x80, 0x1F, 0xFF, 0xFF, 0xFF, 0x80, 0x0F, 0xFF, 0xFF, 0xFF,
    0x00, 0x03, 0xFF, 0xFF, 0xFC, 0x00, 0x01, 0xFF, 0xFF, 0xF8, 0x00, 0x00, 0x3F, 0xFF, 0xE0, 0x00,
    0x00, 0x00, 0xF0, 0x00, 0x00, 0x00, 0x00, 0xF0, 0x00, 0x00, 0x00, 0x00, 0xF0, 0x00, 0x00, 0x00,
    0x00, 0xF0, 0x00, 0x00, 0x00, 0x00, 0xF0, 0x00, 0x00, 0x00, 0x00, 0xF0, 0x00, 0x00, 0x07, 0xFE,
    0x00, 0x00, 0x01, 0xF8, 0x00, 0x0F, 0xFF, 0x00, 0x00, 0x03, 0xF0, 0x00, 0x1F, 0xFF, 0x80, 0x00,
    0x07, 0xE0, 0x00, 0x3F, 0xFF, 0xC0, 0x00, 0x07, 0xE0, 0x00, 0x7F, 0xFF, 0xE0, 0x00, 0x0F, 0xC0,
    0x00, 0x7F, 0x07, 0xE0, 0x00, 0x1F, 0x80, 0x00, 0x7E, 0x07, 0xE0, 0x00, 0x1F, 0x80, 0x00, 0xFE,
    0x03, 0xF0, 0x00, 0x3F, 0x00, 0x00, 0xFC, 0x03, 0xF0, 0x00, 0x7E, 0x00, 0x00, 0xFC, 0x03, 0xF0,
    0x00, 0xFE, 0x00, 0x00, 0xFC, 0x03, 0xF0, 0x00, 0xFC, 0x00, 0x00, 0xFC, 0x03, 0xF0, 0x01, 0xF8,
    0x00, 0x00, 0xFC, 0x03, 0xF0, 0x03, 0xF8, 0x00, 0x00, 0xFC, 0x03, 0xF0, 0x03, 0xF0, 0x00, 0x00,
    0x7E, 0x07, 0xF0, 0x07, 0xE0, 0x00, 0x00, 0x7E, 0x07, 0xE0, 0x0F, 0xC0, 0x00, 0x00, 0x7F, 0x0F,
    0xE0, 0x0F, 0xC0, 0x00, 0x00, 0x3F, 0xFF, 0xC0, 0x1F, 0x80, 0x00, 0x00, 0x3F, 0xFF, 0xC0, 0x3F,
    0x00, 0x00, 0x00, 0x1F, 0xFF, 0x80, 0x3F, 0x00, 0x00, 0x00, 0x07, 0xFF, 0x00, 0x7E, 0x00, 0x00,
    0x00, 0x01, 0xF8, 0x00, 0xFC, 0x00, 0x00, 0x00, 0x00, 0x00, 0x00, 0xFC, 0x00, 0x00, 0x00, 0x00,
    0x00, 0x01, 0xF8, 0x00, 0x00, 0x00, 0x00, 0x00, 0x03, 0xF0, 0x00, 0x00, 0x00, 0x00, 0x00, 0x03,
    0xF0, 0x01, 0xFC, 0x00, 0x00, 0x00, 0x07, 0xE0, 0x07, 0xFF, 0x00, 0x00, 0x00, 0x0F, 0xC0, 0x0F,
    0xFF, 0x80, 0x00, 0x00, 0x0F, 0xC0, 0x1F, 0xFF, 0xC0, 0x00, 0x00, 0x1F, 0x80, 0x3F, 0xFF, 0xE0,
    0x00, 0x00, 0x3F, 0x00, 0x7F, 0x0F, 0xE0, 0x00, 0x00, 0x7F, 0x00, 0x7E, 0x07, 0xE0, 0x00, 0x00,
    0x7E, 0x00, 0x7E, 0x03, 0xF0, 0x00, 0x00, 0xFC, 0x00, 0x7E, 0x03, 0xF0, 0x00, 0x01, 0xFC, 0x00,
    0xFC, 0x03, 0xF0, 0x00, 0x01, 0xF8, 0x00, 0xFC, 0x03, 0xF0, 0x00, 0x03, 0xF0, 0x00, 0xFC, 0x03,
    0xF0, 0x00, 0x07, 0xE0, 0x00, 0xFC, 0x03, 0xF0, 0x00, 0x07, 0xE0, 0x00, 0xFC, 0x03, 0xF0, 0x00,
    0x0F, 0xC0, 0x00, 0x7E, 0x03, 0xF0, 0x00, 0x1F, 0x80, 0x00, 0x7E, 0x03, 0xF0, 0x00, 0x1F, 0x80,
    0x00, 0x7E, 0x07, 0xE0, 0x00, 0x3F, 0x00, 0x00, 0x7F, 0x0F, 0xE0, 0x00, 0x7E, 0x00, 0x00, 0x3F,
    0xFF, 0xE0, 0x00, 0x7E, 0x00, 0x00, 0x1F, 0xFF, 0xC0, 0x00, 0xFC, 0x00, 0x00, 0x1F, 0xFF, 0x80,
    0x01, 0xF8, 0x00, 0x00, 0x07, 0xFF, 0x00, 0x00, 0x00, 0x00, 0x00, 0x01, 0xFC, 0x00, 0x00, 0x1F,
    0xF8, 0x00, 0x00, 0x00, 0x7F, 0xFE, 0x00, 0x00, 0x01, 0xFF, 0xFF, 0x00, 0x00, 0x03, 0xFF, 0xFF,
    0x80, 0x00, 0x03, 0xFF, 0xFF, 0xC0, 0x00, 0x07, 0xFF, 0xFF, 0xE0, 0x00, 0x07, 0xFC, 0x3F, 0xE0,
    0x00, 0x0F, 0xF0, 0x0F, 0xE0, 0x00, 0x0F, 0xF0, 0x0F, 0xF0, 0x00, 0x0F, 0xE0, 0x07, 0xF0, 0x00,
    0x0F, 0xE0, 0x07, 0xF0, 0x00, 0x0F, 0xE0, 0x07, 0xF0, 0x00, 0x0F, 0xE0, 0x0F, 0xF0, 0x00, 0x0F,
    0xF0, 0x0F, 0xE0, 0x00, 0x0F, 0xF0, 0x1F, 0xE0, 0x00, 0x07, 0xF8, 0x3F, 0xC0, 0x00, 0x07, 0xF8,
    0xFF, 0xC0, 0x00, 0x07, 0xFD, 0xFF, 0x80, 0x00, 0x03, 0xFF, 0xFF, 0x00, 0x00, 0x01, 0xFF, 0xFE,
    0x00, 0x00, 0x01, 0xFF, 0xFC, 0x00, 0x00, 0x00, 0xFF, 0xF8, 0x00, 0x00, 0x00, 0xFF, 0xE0, 0x00,
    0x00, 0x01, 0xFF, 0xE0, 0x00, 0x00, 0x07, 0xFF, 0xF0, 0x00, 0x00, 0x0F, 0xFF, 0xF8, 0x07, 0xF0,
    0x1F, 0xFF, 0xF8, 0x07, 0xF0, 0x3F, 0xFF, 0xFC, 0x07, 0xF0, 0x3F, 0xE3, 0xFE, 0x07, 0xF0, 0x7F,
    0xC1, 0xFF, 0x07, 0xF0, 0x7F, 0x80, 0xFF, 0x8F, 0xF0, 0xFF, 0x80, 0x7F, 0xCF, 0xE0, 0xFF, 0x00,
    0x7F, 0xFF, 0xE0, 0xFF, 0x00, 0x3F, 0xFF, 0xE0, 0xFF, 0x00, 0x1F, 0xFF, 0xC0, 0xFF, 0x00, 0x0F,
    0xFF, 0xC0, 0xFF, 0x00, 0x07, 0xFF, 0xC0, 0xFF, 0x80, 0x03, 0xFF, 0x80, 0xFF, 0x80, 0x03, 0xFF,
    0x00, 0x7F, 0xC0, 0x07, 0xFF, 0x80, 0x7F, 0xF8, 0x3F, 0xFF, 0x80, 0x3F, 0xFF, 0xFF, 0xFF, 0xC0,
    0x1F, 0xFF, 0xFF, 0xFF, 0xE0, 0x0F, 0xFF, 0xFF, 0xFF, 0xF0, 0x07, 0xFF, 0xFF, 0xCF, 0xF8, 0x03,
    0xFF, 0xFF, 0x07, 0xFC, 0x00, 0x7F, 0xF8, 0x03, 0xFC, 0xFF, 0xFF, 0x7F, 0x7F, 0x7F, 0x7F, 0x7F,
    0x7F, 0x7F, 0x7F, 0x7F, 0x7F, 0x7F, 0x7F, 0x7F, 0x7F, 0x7F, 0x7F, 0x7F, 0x00, 0xFE, 0x01, 0xFE,
    0x03, 0xFC, 0x03, 0xFC, 0x03, 0xFC, 0x07, 0xF8, 0x07, 0xF8, 0x0F, 0xF0, 0x0F, 0xF0, 0x0F, 0xF0,
    0x1F, 0xE0, 0x1F, 0xE0, 0x1F, 0xE0, 0x3F, 0xE0, 0x3F, 0xC0, 0x3F, 0xC0, 0x3F, 0xC0, 0x7F, 0xC0,
    0x7F, 0x80, 0x7F, 0x80, 0x7F, 0x80, 0x7F, 0x80, 0xFF, 0x80, 0xFF, 0x80, 0xFF, 0x00, 0xFF, 0x00,
    0xFF, 0x00, 0xFF, 0x00, 0xFF, 0x00, 0xFF, 0x00, 0xFF, 0x00, 0xFF, 0x00, 0xFF, 0x00, 0xFF, 0x00,
    0xFF, 0x00, 0xFF, 0x00, 0xFF, 0x00, 0xFF, 0x80, 0xFF, 0x80, 0x7F, 0x80, 0x7F, 0x80, 0x7F, 0x80,
    0x7F, 0xC0, 0x7F, 0xC0, 0x3F, 0xC0, 0x3F, 0xC0, 0x3F, 0xE0, 0x1F, 0xE0, 0x1F, 0xE0, 0x1F, 0xF0,
    0x0F, 0xF0, 0x0F, 0xF0, 0x07, 0xF8, 0x07, 0xF8, 0x07, 0xFC, 0x03, 0xFC, 0x03, 0xFC, 0x01, 0xFE,
    0x00, 0xFE, 0xFE, 0x00, 0xFF, 0x00, 0xFF, 0x00, 0x7F, 0x80, 0x7F, 0x80, 0x3F, 0xC0, 0x3F, 0xC0,
    0x3F, 0xE0, 0x1F, 0xE0, 0x1F, 0xE0, 0x1F, 0xF0, 0x0F, 0xF0, 0x0F, 0xF0, 0x0F, 0xF8, 0x07, 0xF8,
    0x07, 0xF8, 0x07, 0xF8, 0x07, 0xF8, 0x07, 0xFC, 0x03, 0xFC, 0x03, 0xFC, 0x03, 0xFC, 0x03, 0xFC,
    0x03, 0xFE, 0x03, 0xFE, 0x01, 0xFE, 0x01, 0xFE, 0x01, 0xFE, 0x01, 0xFE, 0x01, 0xFE, 0x01, 0xFE,
    0x01, 0xFE, 0x01, 0xFE, 0x01, 0xFE, 0x01, 0xFE, 0x01, 0xFE, 0x03, 0xFE, 0x03, 0xFE, 0x03, 0xFC,
    0x03, 0xFC, 0x03, 0xFC, 0x03, 0xFC, 0x07, 0xFC, 0x07, 0xF8, 0x07, 0xF8, 0x07, 0xF8, 0x0F, 0xF8,
    0x0F, 0xF0, 0x0F, 0xF0, 0x1F, 0xF0, 0x1F, 0xE0, 0x3F, 0xE0, 0x3F, 0xC0, 0x3F, 0xC0, 0x7F, 0x80,
    0x7F, 0x80, 0xFF, 0x00, 0xFF, 0x00, 0xFE, 0x00, 0x00, 0x3E, 0x00, 0x00, 0x00, 0x3E, 0x00, 0x00,
    0x00, 0x3E, 0x00, 0x00, 0x00, 0x3E, 0x00, 0x00, 0x00, 0x3E, 0x00, 0x00, 0x30, 0x3E, 0x06, 0x00,
    0x78, 0x3E, 0x1E, 0x00, 0x7E, 0x3E, 0x3F, 0x00, 0xFF, 0x3E, 0xFF, 0x00, 0xFF, 0xFF, 0xFF, 0x80,
    0x7F, 0xFF, 0xFE, 0x00, 0x1F, 0xFF, 0xF8, 0x00, 0x07, 0xFF, 0xE0, 0x00, 0x01, 0xFF, 0x80, 0x00,
    0x03, 0xFF, 0xC0, 0x00, 0x0F, 0xFF, 0xF0, 0x00, 0x3F, 0xFF, 0xFC, 0x00, 0xFF, 0xFF, 0xFF, 0x00,
    0xFF, 0xBE, 0xFF, 0x80, 0xFE, 0x3E, 0x7F, 0x00, 0x7C, 0x3E, 0x1F, 0x00, 0x30, 0x3E, 0x0E, 0x00,
    0x20, 0x3E, 0x00, 0x00, 0x00, 0x3E, 0x00, 0x00, 0x00, 0x3E, 0x00, 0x00, 0x00, 0x3E, 0x00, 0x00,
    0x00, 0x3E, 0x00, 0x00, 0x00, 0x0F, 0xE0, 0x00, 0x00, 0x0F, 0xE0, 0x00, 0x00, 0x0F, 0xE0, 0x00,
    0x00, 0x0F, 0xE0, 0x00, 0x00, 0x0F, 0xE0, 0x00, 0x00, 0x0F, 0xE0, 0x00, 0x00, 0x0F, 0xE0, 0x00,
    0x00, 0x0F, 0xE0, 0x00, 0x00, 0x0F, 0xE0, 0x00, 0x00, 0x0F, 0xE0, 0x00, 0x00, 0x0F, 0xE0, 0x00,
    0x00, 0x0F, 0xE0, 0x00, 0xFF, 0xFF, 0xFF, 0xFE, 0xFF, 0xFF, 0xFF, 0xFE, 0xFF, 0xFF, 0xFF, 0xFE,
    0xFF, 0xFF, 0xFF, 0xFE, 0xFF, 0xFF, 0xFF, 0xFE, 0xFF, 0xFF, 0xFF, 0xFE, 0xFF, 0xFF, 0xFF, 0xFE,
    0x00, 0x0F, 0xE0, 0x00, 0x00, 0x0F, 0xE0, 0x00, 0x00, 0x0F, 0xE0, 0x00, 0x00, 0x0F, 0xE0, 0x00,
    0x00, 0x0F, 0xE0, 0x00, 0x00, 0x0F, 0xE0, 0x00, 0x00, 0x0F, 0xE0, 0x00, 0x00, 0x0F, 0xE0, 0x00,
    0x00, 0x0F, 0xE0, 0x00, 0x00, 0x0F, 0xE0, 0x00, 0x00, 0x0F, 0xE0, 0x00, 0x00, 0x0F, 0xE0, 0x00,
    0x00, 0x0F, 0xE0, 0x00, 0x1F, 0xE0, 0x3F, 0xE0, 0x3F, 0xC0, 0x3F, 0xC0, 0x3F, 0xC0, 0x3F, 0x80,
    0x3F, 0x80, 0x3F, 0x80, 0x7F, 0x80, 0x7F, 0x00, 0x7F, 0x00, 0x7F, 0x00, 0x7E, 0x00, 0x7E, 0x00,
    0xFE, 0x00, 0xFE, 0x00, 0xFC, 0x00, 0xFC, 0x00, 0xFC, 0x00, 0x7F, 0xFF, 0xF8, 0xFF, 0xFF, 0xF8,
    0xFF, 0xFF, 0xF8, 0xFF, 0xFF, 0xF8, 0xFF, 0xFF, 0xF8, 0xFF, 0xFF, 0xF8, 0xFF, 0xFF, 0xF8, 0x3F,
    0x00, 0x7F, 0x80, 0x7F, 0xC0, 0xFF, 0xC0, 0xFF, 0xC0, 0xFF, 0xC0, 0x7F, 0xC0, 0x7F, 0x80, 0x3F,
    0x00, 0x00, 0x00, 0xFC, 0x00, 0x01, 0xFC, 0x00, 0x01, 0xFC, 0x00, 0x03, 0xF8, 0x00, 0x03, 0xF8,
    0x00, 0x03, 0xF8, 0x00, 0x07, 0xF8, 0x00, 0x07, 0xF0, 0x00, 0x07, 0xF0, 0x00, 0x07, 0xF0, 0x00,
    0x0F, 0xF0, 0x00, 0x0F, 0xE0, 0x00, 0x0F, 0xE0, 0x00, 0x0F, 0xE0, 0x00, 0x1F, 0xC0, 0x00, 0x1F,
    0xC0, 0x00, 0x1F, 0xC0, 0x00, 0x1F, 0xC0, 0x00, 0x3F, 0x80, 0x00, 0x3F, 0x80, 0x00, 0x3F, 0x80,
    0x00, 0x7F, 0x80, 0x00, 0x7F, 0x00, 0x00, 0x7F, 0x00, 0x00, 0x7F, 0x00, 0x00, 0xFF, 0x00, 0x00,
    0xFE, 0x00, 0x00, 0xFE, 0x00, 0x00, 0xFE, 0x00, 0x01, 0xFC, 0x00, 0x01, 0xFC, 0x00, 0x01, 0xFC,
    0x00, 0x01, 0xFC, 0x00, 0x03, 0xF8, 0x00, 0x03, 0xF8, 0x00, 0x03, 0xF8, 0x00, 0x03, 0xF8, 0x00,
    0x07, 0xF0, 0x00, 0x07, 0xF0, 0x00, 0x07, 0xF0, 0x00, 0x0F, 0xF0, 0x00, 0x0F, 0xE0, 0x00, 0x0F,
    0xE0, 0x00, 0x0F, 0xE0, 0x00, 0x1F, 0xE0, 0x00, 0x1F, 0xC0, 0x00, 0x1F, 0xC0, 0x00, 0x1F, 0xC0,
    0x00, 0x3F, 0x80, 0x00, 0x3F, 0x80, 0x00, 0x3F, 0x80, 0x00, 0x3F, 0x80, 0x00, 0x7F, 0x00, 0x00,
    0x7F, 0x00, 0x00, 0x7F, 0x00, 0x00, 0xFF, 0x00, 0x00, 0xFE, 0x00, 0x00, 0x00, 0x0F, 0xFF, 0x00,
    0x00, 0x00, 0x3F, 0xFF, 0xC0, 0x00, 0x00, 0xFF, 0xFF, 0xF0, 0x00, 0x01, 0xFF, 0xFF, 0xF8, 0x00,
    0x03, 0xFF, 0xFF, 0xFC, 0x00, 0x07, 0xFF, 0xFF, 0xFE, 0x00, 0x0F, 0xFF, 0x0F, 0xFF, 0x00, 0x0F,
    0xFC, 0x03, 0xFF, 0x00, 0x1F, 0xF8, 0x00, 0xFF, 0x80, 0x1F, 0xF0, 0x00, 0xFF, 0x80, 0x3F, 0xE0,
    0x00, 0x7F, 0xC0, 0x3F, 0xE0, 0x00, 0x7F, 0xC0, 0x3F, 0xC0, 0x00, 0x3F, 0xE0, 0x7F, 0xC0, 0x00,
    0x3F, 0xE0, 0x7F, 0xC0, 0x00, 0x1F, 0xE0, 0x7F, 0x80, 0x00, 0x1F, 0xE0, 0x7F, 0x80, 0x00, 0x1F,
    0xE0, 0x7F, 0x80, 0x00, 0x1F, 0xF0, 0xFF, 0x80, 0x00, 0x1F, 0xF0, 0xFF, 0x80, 0x00, 0x1F, 0xF0,
    0xFF, 0x80, 0x00, 0x1F, 0xF0, 0xFF, 0x80, 0x00, 0x0F, 0xF0, 0xFF, 0x80, 0x00, 0x0F, 0xF0, 0xFF,
    0x80, 0x00, 0x0F, 0xF0, 0xFF, 0x80, 0x00, 0x0F, 0xF0, 0xFF, 0x80, 0x00, 0x0F, 0xF0, 0xFF, 0x80,
    0x00, 0x1F, 0xF0, 0xFF, 0x80, 0x00, 0x1F, 0xF0, 0xFF, 0x80, 0x00, 0x1F, 0xF0, 0x7F, 0x80, 0x00,
    0x1F, 0xF0, 0x7F, 0x80, 0x00, 0x1F, 0xE0, 0x7F, 0x80, 0x00, 0x1F, 0xE0, 0x7F, 0xC0, 0x00, 0x1F,
    0xE0, 0x7F, 0xC0, 0x00, 0x3F, 0xE0, 0x3F, 0xC0, 0x00, 0x3F, 0xE0, 0x3F, 0xE0, 0x00, 0x7F, 0xC0,
    0x3F, 0xE0, 0x00, 0x7F, 0xC0, 0x1F, 0xF0, 0x00, 0xFF, 0x80, 0x1F, 0xF8, 0x00, 0xFF, 0x80, 0x0F,
    0xFC, 0x03, 0xFF, 0x00, 0x0F, 0xFF, 0x0F, 0xFF, 0x00, 0x07, 0xFF, 0xFF, 0xFE, 0x00, 0x03, 0xFF,
    0xFF, 0xFC, 0x00, 0x01, 0xFF, 0xFF, 0xF8, 0x00, 0x00, 0xFF, 0xFF, 0xF0, 0x00, 0x00, 0x3F, 0xFF,
    0xC0, 0x00, 0x00, 0x0F, 0xFF, 0x00, 0x00, 0x00, 0x7F, 0xE0, 0x00, 0xFF, 0xE0, 0x01, 0xFF, 0xE0,
    0x03, 0xFF, 0xE0, 0x0F, 0xFF, 0xE0, 0x1F, 0xFF, 0xE0, 0x3F, 0xFF, 0xE0, 0xFF, 0xFF, 0xE0, 0xFF,
    0xDF, 0xE0, 0xFF, 0x1F, 0xE0, 0xFE, 0x1F, 0xE0, 0xFC, 0x1F, 0xE0, 0xF0, 0x1F, 0xE0, 0xE0, 0x1F,
    0xE0, 0xC0, 0x1F, 0xE0, 0x00, 0x1F, 0xE0, 0x00, 0x1F, 0xE0, 0x00, 0x1F, 0xE0, 0x00, 0x1F, 0xE0,
    0x00, 0x1F, 0xE0, 0x00, 0x1F, 0xE0, 0x00, 0x1F, 0xE0, 0x00, 0x1F, 0xE0, 0x00, 0x1F, 0xE0, 0x00,
    0x1F, 0xE0, 0x00, 0x1F, 0xE0, 0x00, 0x1F, 0xE0, 0x00, 0x1F, 0xE0, 0x00, 0x1F, 0xE0, 0x00, 0x1F,
    0xE0, 0x00, 0x1F, 0xE0, 0x00, 0x1F, 0xE0, 0x00, 0x1F, 0xE0, 0x00, 0x1F, 0xE0, 0x00, 0x1F, 0xE0,
    0x00, 0x1F, 0xE0, 0x00, 0x1F, 0xE0, 0x00, 0x1F, 0xE0, 0x00, 0x1F, 0xE0, 0x00, 0x1F, 0xE0, 0x00,
    0x1F, 0xE0, 0x00, 0x1F, 0xE0, 0x00, 0x1F, 0xE0, 0x00, 0x1F, 0xE0, 0x00, 0x1F, 0xE0, 0x00, 0x1F,
    0xE0, 0x00, 0x1F, 0xE0, 0x00, 0x7F, 0xFC, 0x00, 0x01, 0xFF, 0xFF, 0x00, 0x03, 0xFF, 0xFF, 0xC0,
    0x0F, 0xFF, 0xFF, 0xE0, 0x1F, 0xFF, 0xFF, 0xF0, 0x1F, 0xFF, 0xFF, 0xF8, 0x3F, 0xF8, 0x3F, 0xFC,
    0x7F, 0xE0, 0x0F, 0xFC, 0x7F, 0xC0, 0x07, 0xFC, 0x7F, 0x80, 0x03, 0xFE, 0xFF, 0x80, 0x01, 0xFE,
    0xFF, 0x00, 0x01, 0xFE, 0xFF, 0x00, 0x01, 0xFE, 0xFF, 0x00, 0x01, 0xFE, 0x00, 0x00, 0x01, 0xFE,
    0x00, 0x00, 0x01, 0xFE, 0x00, 0x00, 0x01, 0xFE, 0x00, 0x00, 0x03, 0xFE, 0x00, 0x00, 0x03, 0xFC,
    0x00, 0x00, 0x07, 0xFC, 0x00, 0x00, 0x0F, 0xF8, 0x00, 0x00, 0x0F, 0xF8, 0x00, 0x00, 0x1F, 0xF0,
    0x00, 0x00, 0x3F, 0xE0, 0x00, 0x00, 0x7F, 0xE0, 0x00, 0x00, 0xFF, 0xC0, 0x00, 0x01, 0xFF, 0x80,
    0x00, 0x03, 0xFF, 0x00, 0x00, 0x07, 0xFE, 0x00, 0x00, 0x0F, 0xFC, 0x00, 0x00, 0x1F, 0xF8, 0x00,
    0x00, 0x3F, 0xF0, 0x00, 0x00, 0x7F, 0xE0, 0x00, 0x00, 0xFF, 0xC0, 0x00, 0x01, 0xFF, 0x80, 0x00,
    0x03, 0xFF, 0x00, 0x00, 0x07, 0xFE, 0x00, 0x00, 0x0F, 0xFC, 0x00, 0x00, 0x1F, 0xF8, 0x00, 0x00,
    0x3F, 0xF8, 0x00, 0x00, 0x7F, 0xFF, 0xFF, 0xFF, 0xFF, 0xFF, 0xFF, 0xFF, 0xFF, 0xFF, 0xFF, 0xFF,
    0xFF, 0xFF, 0xFF, 0xFF, 0xFF, 0xFF, 0xFF, 0xFF, 0xFF, 0xFF, 0xFF, 0xFF, 0xFF, 0xFF, 0xFF, 0xFF,
    0x00, 0x1F, 0xFF, 0x00, 0x00, 0x00, 0x7F, 0xFF, 0xC0, 0x00, 0x01, 0xFF, 0xFF, 0xF0, 0x00, 0x03,
    0xFF, 0xFF, 0xF8, 0x00, 0x07, 0xFF, 0xFF, 0xFC, 0x00, 0x0F, 0xFF, 0xFF, 0xFE, 0x00, 0x1F, 0xFE,
    0x0F, 0xFE, 0x00, 0x3F, 0xF0, 0x03, 0xFF, 0x00, 0x3F, 0xE0, 0x01, 0xFF, 0x00, 0x3F, 0xC0, 0x00,
    0xFF, 0x00, 0x3F, 0xC0, 0x00, 0xFF, 0x80, 0x7F, 0x80, 0x00, 0x7F, 0x80, 0x00, 0x00, 0x00, 0x7F,
    0x80, 0x00, 0x00, 0x00, 0x7F, 0x80, 0x00, 0x00, 0x00, 0xFF, 0x80, 0x00, 0x00, 0x00, 0xFF, 0x00,
    0x00, 0x00, 0x01, 0xFF, 0x00, 0x00, 0x00, 0x03, 0xFE, 0x00, 0x00, 0x00, 0x07, 0xFE, 0x00, 0x00,
    0x07, 0xFF, 0xFC, 0x00, 0x00, 0x0F, 0xFF, 0xF0, 0x00, 0x00, 0x0F, 0xFF, 0xE0, 0x00, 0x00, 0x0F,
    0xFF, 0x80, 0x00, 0x00, 0x0F, 0xFF, 0xF0, 0x00, 0x00, 0x0F, 0xFF, 0xFC, 0x00, 0x00, 0x0F, 0xFF,
    0xFE, 0x00, 0x00, 0x00, 0x0F, 0xFF, 0x00, 0x00, 0x00, 0x01, 0xFF, 0x80, 0x00, 0x00, 0x00, 0xFF,
    0x80, 0x00, 0x00, 0x00, 0x7F, 0xC0, 0x00, 0x00, 0x00, 0x7F, 0xC0, 0x00, 0x00, 0x00, 0x3F, 0xC0,
    0x00, 0x00, 0x00, 0x3F, 0xC0, 0x00, 0x00, 0x00, 0x3F, 0xC0, 0x7F, 0x80, 0x00, 0x3F, 0xC0, 0xFF,
    0x80, 0x00, 0x3F, 0xC0, 0x7F, 0x80, 0x00, 0x7F, 0xC0, 0x7F, 0xC0, 0x00, 0x7F, 0xC0, 0x7F, 0xE0,
    0x00, 0xFF, 0xC0, 0x3F, 0xF0, 0x03, 0xFF, 0x80, 0x3F, 0xFE, 0x0F, 0xFF, 0x00, 0x1F, 0xFF, 0xFF,
    0xFF, 0x00, 0x0F, 0xFF, 0xFF, 0xFE, 0x00, 0x07, 0xFF, 0xFF, 0xFC, 0x00, 0x03, 0xFF, 0xFF, 0xF0,
    0x00, 0x00, 0xFF, 0xFF, 0xE0, 0x00, 0x00, 0x3F, 0xFF, 0x00, 0x00, 0x00, 0x00, 0x0F, 0xFE, 0x00,
    0x00, 0x00, 0x1F, 0xFE, 0x00, 0x00, 0x00, 0x1F, 0xFE, 0x00, 0x00, 0x00, 0x3F, 0xFE, 0x00, 0x00,
    0x00, 0x7F, 0xFE, 0x00, 0x00, 0x00, 0x7F, 0xFE, 0x00, 0x00, 0x00, 0xFF, 0xFE, 0x00, 0x00, 0x01,
    0xFF, 0xFE, 0x00, 0x00, 0x01, 0xFF, 0xFE, 0x00, 0x00, 0x03, 0xFF, 0xFE, 0x00, 0x00, 0x03, 0xFD,
    0xFE, 0x00, 0x00, 0x07, 0xF9, 0xFE, 0x00, 0x00, 0x0F, 0xF9, 0xFE, 0x00, 0x00, 0x0F, 0xF1, 0xFE,
    0x00, 0x00, 0x1F, 0xE1, 0xFE, 0x00, 0x00, 0x3F, 0xE1, 0xFE, 0x00, 0x00, 0x3F, 0xC1, 0xFE, 0x00,
    0x00, 0x7F, 0x81, 0xFE, 0x00, 0x00, 0x7F, 0x81, 0xFE, 0x00, 0x00, 0xFF, 0x01, 0xFE, 0x00, 0x01,
    0xFF, 0x01, 0xFE, 0x00, 0x01, 0xFE, 0x01, 0xFE, 0x00, 0x03, 0xFC, 0x01, 0xFE, 0x00, 0x07, 0xFC,
    0x01, 0xFE, 0x00, 0x07, 0xF8, 0x01, 0xFE, 0x00, 0x0F, 0xF0, 0x01, 0xFE, 0x00, 0x1F, 0xF0, 0x01,
    0xFE, 0x00, 0x1F, 0xE0, 0x01, 0xFE, 0x00, 0x3F, 0xE0, 0x01, 0xFE, 0x00, 0x3F, 0xC0, 0x01, 0xFE,
    0x00, 0x7F, 0x80, 0x01, 0xFE, 0x00, 0xFF, 0xFF, 0xFF, 0xFF, 0xF0, 0xFF, 0xFF, 0xFF, 0xFF, 0xF8,
    0xFF, 0xFF, 0xFF, 0xFF, 0xF8, 0xFF, 0xFF, 0xFF, 0xFF, 0xF8, 0xFF, 0xFF, 0xFF, 0xFF, 0xF8, 0xFF,
    0xFF, 0xFF, 0xFF, 0xF8, 0xFF, 0xFF, 0xFF, 0xFF, 0xF8, 0x00, 0x00, 0x03, 0xFE, 0x00, 0x00, 0x00,
    0x03, 0xFE, 0x00, 0x00, 0x00, 0x03, 0xFE, 0x00, 0x00, 0x00, 0x03, 0xFE, 0x00, 0x00, 0x00, 0x03,
    0xFE, 0x00, 0x00, 0x00, 0x03, 0xFE, 0x00, 0x00, 0x00, 0x03, 0xFE, 0x00, 0x00, 0x00, 0x03, 0xFE,
    0x00, 0x00, 0x00, 0x03, 0xFE, 0x00, 0x0F, 0xFF, 0xFF, 0xFE, 0x00, 0x1F, 0xFF, 0xFF, 0xFE, 0x00,
    0x1F, 0xFF, 0xFF, 0xFE, 0x00, 0x1F, 0xFF, 0xFF, 0xFE, 0x00, 0x1F, 0xFF, 0xFF, 0xFE, 0x00, 0x1F,
    0xFF, 0xFF, 0xFE, 0x00, 0x1F, 0xFF, 0xFF, 0xFC, 0x00, 0x1F, 0xC0, 0x00, 0x00, 0x00, 0x1F, 0xC0,
    0x00, 0x00, 0x00, 0x1F, 0xC0, 0x00, 0x00, 0x00, 0x1F, 0xC0, 0x00, 0x00, 0x00, 0x3F, 0xC0, 0x00,
    0x00, 0x00, 0x3F, 0xC0, 0x00, 0x00, 0x00, 0x3F, 0xC0, 0x00, 0x00, 0x00, 0x3F, 0xC0, 0x00, 0x00,
    0x00, 0x3F, 0xC0, 0xF8, 0x00, 0x00, 0x3F, 0x87, 0xFF, 0x00, 0x00, 0x3F, 0x9F, 0xFF, 0xC0, 0x00,
    0x3F, 0xBF, 0xFF, 0xE0, 0x00, 0x3F, 0xFF, 0xFF, 0xF8, 0x00, 0x7F, 0xFF, 0xFF, 0xF8, 0x00, 0x7F,
    0xFF, 0xFF, 0xFC, 0x00, 0x7F, 0xF8, 0x1F, 0xFE, 0x00, 0x7F, 0xE0, 0x07, 0xFE, 0x00, 0x07, 0x80,
    0x03, 0xFF, 0x00, 0x00, 0x00, 0x01, 0xFF, 0x00, 0x00, 0x00, 0x00, 0xFF, 0x00, 0x00, 0x00, 0x00,
    0xFF, 0x80, 0x00, 0x00, 0x00, 0xFF, 0x80, 0x00, 0x00, 0x00, 0x7F, 0x80, 0x00, 0x00, 0x00, 0x7F,
    0x80, 0x00, 0x00, 0x00, 0x7F, 0x80, 0x00, 0x00, 0x00, 0x7F, 0x80, 0x00, 0x00, 0x00, 0x7F, 0x80,
    0xFF, 0x00, 0x00, 0xFF, 0x80, 0xFF, 0x80, 0x00, 0xFF, 0x00, 0x7F, 0x80, 0x00, 0xFF, 0x00, 0x7F,
    0xC0, 0x01, 0xFF, 0x00, 0x7F, 0xC0, 0x03, 0xFE, 0x00, 0x3F, 0xF0, 0x07, 0xFE, 0x00, 0x3F, 0xFC,
    0x1F, 0xFC, 0x00, 0x1F, 0xFF, 0xFF, 0xFC, 0x00, 0x0F, 0xFF, 0xFF, 0xF8, 0x00, 0x07, 0xFF, 0xFF,
    0xF0, 0x00, 0x03, 0xFF, 0xFF, 0xC0, 0x00, 0x00, 0xFF, 0xFF, 0x80, 0x00, 0x00, 0x3F, 0xFC, 0x00,
    0x00, 0x00, 0x07, 0xFF, 0x00, 0x00, 0x00, 0x3F, 0xFF, 0xE0, 0x00, 0x00, 0x7F, 0xFF, 0xF0, 0x00,
    0x00, 0xFF, 0xFF, 0xFC, 0x00, 0x01, 0xFF, 0xFF, 0xFE, 0x00, 0x03, 0xFF, 0xFF, 0xFE, 0x00, 0x07,
    0xFF, 0xFF, 0xFF, 0x00, 0x0F, 0xFC, 0x03, 0xFF, 0x80, 0x0F, 0xF8, 0x00, 0xFF, 0x80, 0x1F, 0xF0,
    0x00, 0x7F, 0xC0, 0x1F, 0xE0, 0x00, 0x7F, 0xC0, 0x3F, 0xE0, 0x00, 0x3F, 0xC0, 0x3F, 0xC0, 0x00,
    0x00, 0x00, 0x3F, 0xC0, 0x00, 0x00, 0x00, 0x7F, 0x80, 0x00, 0x00, 0x00, 0x7F, 0x80, 0x00, 0x00,
    0x00, 0x7F, 0x80, 0x7F, 0x00, 0x00, 0x7F, 0x83, 0xFF, 0xE0, 0x00, 0x7F, 0x8F, 0xFF, 0xF0, 0x00,
    0x7F, 0x1F, 0xFF, 0xFC, 0x00, 0xFF, 0x3F, 0xFF, 0xFE, 0x00, 0xFF, 0x7F, 0xFF, 0xFF, 0x00, 0xFF,
    0xFF, 0xFF, 0xFF, 0x00, 0xFF, 0xFC, 0x03, 0xFF, 0x80, 0xFF, 0xF8, 0x01, 0xFF, 0x80, 0xFF, 0xF0,
    0x00, 0xFF, 0xC0, 0xFF, 0xE0, 0x00, 0x7F, 0xC0, 0xFF, 0xC0, 0x00, 0x3F, 0xC0, 0xFF, 0xC0, 0x00,
    0x3F, 0xC0, 0xFF, 0xC0, 0x00, 0x3F, 0xE0, 0x7F, 0x80, 0x00, 0x1F, 0xE0, 0x7F, 0x80, 0x00, 0x1F,
    0xE0, 0x7F, 0x80, 0x00, 0x1F, 0xE0, 0x7F, 0x80, 0x00, 0x3F, 0xE0, 0x7F, 0xC0, 0x00, 0x3F, 0xC0,
    0x3F, 0xC0, 0x00, 0x3F, 0xC0, 0x3F, 0xE0, 0x00, 0x7F, 0xC0, 0x3F, 0xE0, 0x00, 0x7F, 0xC0, 0x1F,
    0xF0, 0x00, 0xFF, 0x80, 0x1F, 0xF8, 0x03, 0xFF, 0x80, 0x0F, 0xFF, 0x0F, 0xFF, 0x00, 0x07, 0xFF,
    0xFF, 0xFE, 0x00, 0x03, 0xFF, 0xFF, 0xFC, 0x00, 0x01, 0xFF, 0xFF, 0xF8, 0x00, 0x00, 0xFF, 0xFF,
    0xF0, 0x00, 0x00, 0x3F, 0xFF, 0xE0, 0x00, 0x00, 0x0F, 0xFF, 0x00, 0x00, 0xFF, 0xFF, 0xFF, 0xFE,
    0xFF, 0xFF, 0xFF, 0xFE, 0xFF, 0xFF, 0xFF, 0xFE, 0xFF, 0xFF, 0xFF, 0xFE, 0xFF, 0xFF, 0xFF, 0xFE,
    0xFF, 0xFF, 0xFF, 0xFE, 0xFF, 0xFF, 0xFF, 0xFE, 0x00, 0x00, 0x03, 0xFE, 0x00, 0x00, 0x03, 0xFE,
    0x00, 0x00, 0x07, 0xFC, 0x00, 0x00, 0x07, 0xFC, 0x00, 0x00, 0x0F, 0xF8, 0x00, 0x00, 0x0F, 0xF8,
    0x00, 0x00, 0x1F, 0xF0, 0x00, 0x00, 0x1F, 0xF0, 0x00, 0x00, 0x3F, 0xE0, 0x00, 0x00, 0x3F, 0xE0,
    0x00, 0x00, 0x7F, 0xC0, 0x00, 0x00, 0x7F, 0xC0, 0x00, 0x00, 0xFF, 0x80, 0x00, 0x00, 0xFF, 0x80,
    0x00, 0x01, 0xFF, 0x00, 0x00, 0x01, 0xFF, 0x00, 0x00, 0x03, 0xFE, 0x00, 0x00, 0x03, 0xFE, 0x00,
    0x00, 0x07, 0xFC, 0x00, 0x00, 0x07, 0xFC, 0x00, 0x00, 0x0F, 0xF8, 0x00, 0x00, 0x0F, 0xF8, 0x00,
    0x00, 0x1F, 0xF0, 0x00, 0x00, 0x1F, 0xF0, 0x00, 0x00, 0x3F, 0xE0, 0x00, 0x00, 0x3F, 0xE0, 0x00,
    0x00, 0x7F, 0xC0, 0x00, 0x00, 0x7F, 0xC0, 0x00, 0x00, 0xFF, 0x80, 0x00, 0x00, 0xFF, 0x80, 0x00,
    0x01, 0xFF, 0x00, 0x00, 0x01, 0xFF, 0x00, 0x00, 0x03, 0xFE, 0x00, 0x00, 0x03, 0xFE, 0x00, 0x00,
    0x07, 0xFC, 0x00, 0x00, 0x07, 0xFC, 0x00, 0x00, 0x0F, 0xF8, 0x00, 0x00, 0x0F, 0xF8, 0x00, 0x00,
    0x0F, 0xF0, 0x00, 0x00, 0x1F, 0xF0, 0x00, 0x00, 0x00, 0x1F, 0xFF, 0x00, 0x00, 0x00, 0x7F, 0xFF,
    0xC0, 0x00, 0x01, 0xFF, 0xFF, 0xF0, 0x00, 0x03, 0xFF, 0xFF, 0xF8, 0x00, 0x07, 0xFF, 0xFF, 0xFC,
    0x00, 0x0F, 0xFF, 0xFF, 0xFE, 0x00, 0x1F, 0xFE, 0x0F, 0xFF, 0x00, 0x1F, 0xF8, 0x03, 0xFF, 0x00,
    0x3F, 0xF0, 0x01, 0xFF, 0x00, 0x3F, 0xE0, 0x00, 0xFF, 0x80, 0x3F, 0xC0, 0x00, 0x7F, 0x80, 0x3F,
    0xC0, 0x00, 0x7F, 0x80, 0x3F, 0xC0, 0x00, 0x7F, 0x80, 0x3F, 0xC0, 0x00, 0x7F, 0x80, 0x3F, 0xC0,
    0x00, 0x7F, 0x80, 0x1F, 0xE0, 0x00, 0xFF, 0x00, 0x1F, 0xE0, 0x00, 0xFF, 0x00, 0x1F, 0xF0, 0x01,
    0xFE, 0x00, 0x0F, 0xFC, 0x07, 0xFE, 0x00, 0x07, 0xFF, 0xFF, 0xFC, 0x00, 0x03, 0xFF, 0xFF, 0xF8,
    0x00, 0x00, 0xFF, 0xFF, 0xE0, 0x00, 0x00, 0x7F, 0xFF, 0x80, 0x00, 0x01, 0xFF, 0xFF, 0xF0, 0x00,
    0x07, 0xFF, 0xFF, 0xFC, 0x00, 0x0F, 0xFF, 0xFF, 0xFE, 0x00, 0x1F, 0xFC, 0x07, 0xFF, 0x00, 0x3F,
    0xF0, 0x01, 0xFF, 0x80, 0x3F, 0xE0, 0x00, 0xFF, 0x80, 0x7F, 0xC0, 0x00, 0x7F, 0xC0, 0x7F, 0x80,
    0x00, 0x7F, 0xC0, 0x7F, 0x80, 0x00, 0x3F, 0xC0, 0xFF, 0x80, 0x00, 0x3F, 0xE0, 0xFF, 0x80, 0x00,
    0x3F, 0xE0, 0xFF, 0x80, 0x00, 0x3F, 0xE0, 0xFF, 0x80, 0x00, 0x3F, 0xE0, 0xFF, 0x80, 0x00, 0x3F,
    0xE0, 0x7F, 0xC0, 0x00, 0x7F, 0xC0, 0x7F, 0xE0, 0x00, 0xFF, 0xC0, 0x7F, 0xF0, 0x01, 0xFF, 0x80,
    0x3F, 0xFE, 0x0F, 0xFF, 0x80, 0x1F, 0xFF, 0xFF, 0xFF, 0x00, 0x0F, 0xFF, 0xFF, 0xFE, 0x00, 0x07,
    0xFF, 0xFF, 0xFC, 0x00, 0x03, 0xFF, 0xFF, 0xF8, 0x00, 0x00, 0xFF, 0xFF, 0xE0, 0x00, 0x00, 0x3F,
    0xFF, 0x00, 0x00, 0x00, 0x1F, 0xFE, 0x00, 0x00, 0x00, 0xFF, 0xFF, 0x80, 0x00, 0x01, 0xFF, 0xFF,
    0xE0, 0x00, 0x03, 0xFF, 0xFF, 0xF0, 0x00, 0x0F, 0xFF, 0xFF, 0xF8, 0x00, 0x0F, 0xFF, 0xFF, 0xFC,
    0x00, 0x1F, 0xFE, 0x1F, 0xFE, 0x00, 0x3F, 0xF8, 0x03, 0xFE, 0x00, 0x3F, 0xE0, 0x01, 0xFF, 0x00,
    0x7F, 0xC0, 0x00, 0xFF, 0x00, 0x7F, 0xC0, 0x00, 0xFF, 0x80, 0x7F, 0x80, 0x00, 0x7F, 0x80, 0x7F,
    0x80, 0x00, 0x7F, 0xC0, 0xFF, 0x00, 0x00, 0x3F, 0xC0, 0xFF, 0x00, 0x00, 0x3F, 0xC0, 0xFF, 0x00,
    0x00, 0x3F, 0xC0, 0xFF, 0x00, 0x00, 0x3F, 0xC0, 0xFF, 0x80, 0x00, 0x7F, 0xC0, 0xFF, 0x80, 0x00,
    0x7F, 0xE0, 0x7F, 0x80, 0x00, 0x7F, 0xE0, 0x7F, 0xC0, 0x00, 0xFF, 0xE0, 0x7F, 0xE0, 0x01, 0xFF,
    0xE0, 0x3F, 0xF0, 0x03, 0xFF, 0xE0, 0x3F, 0xFC, 0x0F, 0xFF, 0xE0, 0x1F, 0xFF, 0xFF, 0xDF, 0xE0,
    0x0F, 0xFF, 0xFF, 0x9F, 0xE0, 0x0F, 0xFF, 0xFF, 0x1F, 0xE0, 0x03, 0xFF, 0xFE, 0x3F, 0xC0, 0x01,
    0xFF, 0xFC, 0x3F, 0xC0, 0x00, 0x7F, 0xF0, 0x3F, 0xC0, 0x00, 0x0F, 0x80, 0x3F, 0xC0, 0x00, 0x00,
    0x00, 0x3F, 0xC0, 0x00, 0x00, 0x00, 0x3F, 0xC0, 0x00, 0x00, 0x00, 0x7F, 0x80, 0x7F, 0x80, 0x00,
    0x7F, 0x80, 0x7F, 0x80, 0x00, 0xFF, 0x80, 0x7F, 0xC0, 0x00, 0xFF, 0x00, 0x7F, 0xC0, 0x01, 0xFF,
    0x00, 0x3F, 0xE0, 0x03, 0xFE, 0x00, 0x3F, 0xF0, 0x07, 0xFE, 0x00, 0x1F, 0xFC, 0x1F, 0xFC, 0x00,
    0x0F, 0xFF, 0xFF, 0xF8, 0x00, 0x0F, 0xFF, 0xFF, 0xF0, 0x00, 0x07, 0xFF, 0xFF, 0xE0, 0x00, 0x01,
    0xFF, 0xFF, 0xC0, 0x00, 0x00, 0xFF, 0xFF, 0x80, 0x00, 0x00, 0x3F, 0xFC, 0x00, 0x00, 0x3F, 0x00,
    0x7F, 0x80, 0x7F, 0xC0, 0xFF, 0xC0, 0xFF, 0xC0, 0xFF, 0xC0, 0x7F, 0xC0, 0x7F, 0x80, 0x3F, 0x00,
    0x00, 0x00, 0x00, 0x00, 0x00, 0x00, 0x00, 0x00, 0x00, 0x00, 0x00, 0x00, 0x00, 0x00, 0x00, 0x00,
    0x00, 0x00, 0x00, 0x00, 0x00, 0x00, 0x00, 0x00, 0x00, 0x00, 0x00, 0x00, 0x00, 0x00, 0x3F, 0x00,
    0x7F, 0x80, 0x7F, 0xC0, 0xFF, 0xC0, 0xFF, 0xC0, 0xFF, 0xC0, 0x7F, 0xC0, 0x7F, 0x80, 0x3F, 0x00,
    0x0F, 0xC0, 0x1F, 0xE0, 0x3F, 0xE0, 0x3F, 0xF0, 0x3F, 0xF0, 0x3F, 0xF0, 0x3F, 0xE0, 0x1F, 0xE0,
    0x0F, 0xC0, 0x00, 0x00, 0x00, 0x00, 0x00, 0x00, 0x00, 0x00, 0x00, 0x00, 0x00, 0x00, 0x00, 0x00,
    0x00, 0x00, 0x00, 0x00, 0x00, 0x00, 0x00, 0x00, 0x00, 0x00, 0x00, 0x00, 0x00, 0x00, 0x00, 0x00,
    0x00, 0x00, 0x00, 0x00, 0x1F, 0xE0, 0x3F, 0xE0, 0x3F, 0xC0, 0x3F, 0xC0, 0x3F, 0xC0, 0x3F, 0x80,
    0x3F, 0x80, 0x3F, 0x80, 0x7F, 0x80, 0x7F, 0x00, 0x7F, 0x00, 0x7F, 0x00, 0x7E, 0x00, 0x7E, 0x00,
    0xFE, 0x00, 0xFE, 0x00, 0xFC, 0x00, 0xFC, 0x00, 0xFC, 0x00, 0x00, 0x00, 0x00, 0x02, 0x00, 0x00,
    0x00, 0x0E, 0x00, 0x00, 0x00, 0x3E, 0x00, 0x00, 0x00, 0xFE, 0x00, 0x00, 0x07, 0xFE, 0x00, 0x00,
    0x1F, 0xFE, 0x00, 0x00, 0x7F, 0xFE, 0x00, 0x01, 0xFF, 0xFE, 0x00, 0x07, 0xFF, 0xFC, 0x00, 0x1F,
    0xFF, 0xF0, 0x00, 0x7F, 0xFF, 0x80, 0x03, 0xFF, 0xFE, 0x00, 0x0F, 0xFF, 0xF8, 0x00, 0x3F, 0xFF,
    0xC0, 0x00, 0xFF, 0xFF, 0x00, 0x00, 0xFF, 0xFC, 0x00, 0x00, 0xFF, 0xE0, 0x00, 0x00, 0xFF, 0xC0,
    0x00, 0x00, 0xFF, 0xE0, 0x00, 0x00, 0xFF, 0xFC, 0x00, 0x00, 0xFF, 0xFF, 0x00, 0x00, 0x3F, 0xFF,
    0xC0, 0x00, 0x0F, 0xFF, 0xF8, 0x00, 0x03, 0xFF, 0xFE, 0x00, 0x00, 0xFF, 0xFF, 0x80, 0x00, 0x1F,
    0xFF, 0xE0, 0x00, 0x07, 0xFF, 0xFC, 0x00, 0x01, 0xFF, 0xFE, 0x00, 0x00, 0x7F, 0xFE, 0x00, 0x00,
    0x1F, 0xFE, 0x00, 0x00, 0x07, 0xFE, 0x00, 0x00, 0x01, 0xFE, 0x00, 0x00, 0x00, 0x3E, 0x00, 0x00,
    0x00, 0x0E, 0x00, 0x00, 0x00, 0x02, 0x7F, 0xFF, 0xFF, 0xFC, 0xFF, 0xFF, 0xFF, 0xFE, 0xFF, 0xFF,
    0xFF, 0xFE, 0xFF, 0xFF, 0xFF, 0xFE, 0xFF, 0xFF, 0xFF, 0xFE, 0xFF, 0xFF, 0xFF, 0xFE, 0xFF, 0xFF,
    0xFF, 0xFE, 0x00, 0x00, 0x00, 0x00, 0x00, 0x00, 0x00, 0x00, 0x00, 0x00, 0x00, 0x00, 0x00, 0x00,
    0x00, 0x00, 0x00, 0x00, 0x00, 0x00, 0x00, 0x00, 0x00, 0x00, 0x00, 0x00, 0x00, 0x00, 0x00, 0x00,
    0x00, 0x00, 0x7F, 0xFF, 0xFF, 0xFC, 0xFF, 0xFF, 0xFF, 0xFE, 0xFF, 0xFF, 0xFF, 0xFE, 0xFF, 0xFF,
    0xFF, 0xFE, 0xFF, 0xFF, 0xFF, 0xFE, 0xFF, 0xFF, 0xFF, 0xFE, 0xFF, 0xFF, 0xFF, 0xFE, 0x80, 0x00,
    0x00, 0x00, 0xE0, 0x00, 0x00, 0x00, 0xF8, 0x00, 0x00, 0x00, 0xFE, 0x00, 0x00, 0x00, 0xFF, 0xC0,
    0x00, 0x00, 0xFF, 0xF0, 0x00, 0x00, 0xFF, 0xFC, 0x00, 0x00, 0xFF, 0xFF, 0x00, 0x00, 0x7F, 0xFF,
    0xC0, 0x00, 0x1F, 0xFF, 0xF0, 0x00, 0x03, 0xFF, 0xFE, 0x00, 0x00, 0xFF, 0xFF, 0x80, 0x00, 0x3F,
    0xFF, 0xE0, 0x00, 0x07, 0xFF, 0xF8, 0x00, 0x01, 0xFF, 0xFE, 0x00, 0x00, 0x7F, 0xFE, 0x00, 0x00,
    0x0F, 0xFE, 0x00, 0x00, 0x07, 0xFE, 0x00, 0x00, 0x0F, 0xFE, 0x00, 0x00, 0x3F, 0xFE, 0x00, 0x01,
    0xFF, 0xFE, 0x00, 0x07, 0xFF, 0xF8, 0x00, 0x1F, 0xFF, 0xE0, 0x00, 0xFF, 0xFF, 0x80, 0x03, 0xFF,
    0xFE, 0x00, 0x0F, 0xFF, 0xF8, 0x00, 0x7F, 0xFF, 0xC0, 0x00, 0xFF, 0xFF, 0x00, 0x00, 0xFF, 0xFC,
    0x00, 0x00, 0xFF, 0xF0, 0x00, 0x00, 0xFF, 0xC0, 0x00, 0x00, 0xFF, 0x00, 0x00, 0x00, 0xF8, 0x00,
    0x00, 0x00, 0xE0, 0x00, 0x00, 0x00, 0x80, 0x00, 0x00, 0x00, 0x00, 0xFF, 0xF0, 0x00, 0x03, 0xFF,
    0xFE, 0x00, 0x0F, 0xFF, 0xFF, 0x00, 0x1F, 0xFF, 0xFF, 0x80, 0x3F, 0xFF, 0xFF, 0xC0, 0x7F, 0xFF,
    0xFF, 0xE0, 0x7F, 0xF0, 0xFF, 0xE0, 0xFF, 0xC0, 0x3F, 0xF0, 0xFF, 0x80, 0x1F, 0xF0, 0xFF, 0x00,
    0x0F, 0xF0, 0xFF, 0x00, 0x0F, 0xF8, 0xFF, 0x00, 0x0F, 0xF8, 0xFE, 0x00, 0x0F, 0xF8, 0x00, 0x00,
    0x0F, 0xF8, 0x00, 0x00, 0x0F, 0xF0, 0x00, 0x00, 0x1F, 0xF0, 0x00, 0x00, 0x1F, 0xF0, 0x00, 0x00,
    0x3F, 0xF0, 0x00, 0x00, 0x7F, 0xE0, 0x00, 0x01, 0xFF, 0xC0, 0x00, 0x03, 0xFF, 0x80, 0x00, 0x07,
    0xFF, 0x00, 0x00, 0x0F, 0xFE, 0x00, 0x00, 0x1F, 0xF8, 0x00, 0x00, 0x3F, 0xF0, 0x00, 0x00, 0x3F,
    0xE0, 0x00, 0x00, 0x3F, 0xC0, 0x00, 0x00, 0x7F, 0x80, 0x00, 0x00, 0x7F, 0x80, 0x00, 0x00, 0x7F,
    0x80, 0x00, 0x00, 0x7F, 0x80, 0x00, 0x00, 0x7F, 0x80, 0x00, 0x00, 0x7F, 0x00, 0x00, 0x00, 0x00,
    0x00, 0x00, 0x00, 0x00, 0x00, 0x00, 0x00, 0x00, 0x00, 0x00, 0x00, 0x00, 0x00, 0x00, 0x00, 0x00,
    0x00, 0x00, 0x00, 0x3F, 0x00, 0x00, 0x00, 0x7F, 0x80, 0x00, 0x00, 0xFF, 0xC0, 0x00, 0x00, 0xFF,
    0xC0, 0x00, 0x00, 0xFF, 0xC0, 0x00, 0x00, 0xFF, 0xC0, 0x00, 0x00, 0xFF, 0xC0, 0x00, 0x00, 0x7F,
    0x80, 0x00, 0x00, 0x3F, 0x00, 0x00, 0x00, 0x00, 0x00, 0xFF, 0xF0, 0x00, 0x00, 0x00, 0x00, 0x00,
    0x1F, 0xFF, 0xFF, 0x00, 0x00, 0x00, 0x00, 0x00, 0xFF, 0xFF, 0xFF, 0xC0, 0x00, 0x00, 0x00, 0x03,
    0xFF, 0xFF, 0xFF, 0xF0, 0x00, 0x00, 0x00, 0x07, 0xFF, 0xFF, 0xFF, 0xFC, 0x00, 0x00, 0x00, 0x1F,
    0xFF, 0xFF, 0xFF, 0xFF, 0x00, 0x00, 0x00, 0x3F, 0xFF, 0xFF, 0xFF, 0xFF, 0x80, 0x00, 0x00, 0x7F,
    0xFE, 0x00, 0x07, 0xFF, 0xC0, 0x00, 0x00, 0xFF, 0xF0, 0x00, 0x00, 0xFF, 0xE0, 0x00, 0x01, 0xFF,
    0xC0, 0x00, 0x00, 0x3F, 0xF0, 0x00, 0x03, 0xFF, 0x00, 0x00, 0x00, 0x1F, 0xF8, 0x00, 0x07, 0xFE,
    0x00, 0x00, 0x00, 0x07, 0xF8, 0x00, 0x07, 0xFC, 0x00, 0x00, 0x00, 0x03, 0xFC, 0x00, 0x0F, 0xF8,
    0x00, 0x00, 0x00, 0x01, 0xFC, 0x00, 0x0F, 0xF0, 0x00, 0x3C, 0x00, 0x01, 0xFE, 0x00, 0x1F, 0xE0,
    0x03, 0xFF, 0x8F, 0xC0, 0xFE, 0x00, 0x1F, 0xC0, 0x07, 0xFF, 0xEF, 0xC0, 0x7F, 0x00, 0x3F, 0xC0,
    0x1F, 0xFF, 0xFF, 0xC0, 0x7F, 0x00, 0x3F, 0x80, 0x3F, 0xFF, 0xFF, 0xC0, 0x7F, 0x80, 0x3F, 0x80,
    0x3F, 0xFF, 0xFF, 0xC0, 0x3F, 0x80, 0x7F, 0x80, 0x7F, 0xFF, 0xFF, 0xC0, 0x3F, 0x80, 0x7F, 0x00,
    0xFF, 0xC0, 0xFF, 0xC0, 0x3F, 0x80, 0x7F, 0x00, 0xFF, 0x00, 0x3F, 0xC0, 0x1F, 0x80, 0x7F, 0x00,
    0xFE, 0x00, 0x1F, 0xC0, 0x1F, 0xC0, 0x7F, 0x01, 0xFC, 0x00, 0x1F, 0xC0, 0x1F, 0xC0, 0xFF, 0x01,
    0xFC, 0x00, 0x0F, 0xC0, 0x1F, 0xC0, 0xFE, 0x01, 0xF8, 0x00, 0x0F, 0xC0, 0x1F, 0xC0, 0xFE, 0x01,
    0xF8, 0x00, 0x0F, 0xC0, 0x1F, 0xC0, 0xFE, 0x01, 0xF8, 0x00, 0x0F, 0xC0, 0x1F, 0xC0, 0xFE, 0x01,
    0xF8, 0x00, 0x0F, 0xC0, 0x1F, 0xC0, 0xFE, 0x01, 0xF8, 0x00, 0x0F, 0xC0, 0x1F, 0xC0, 0xFE, 0x01,
    0xF8, 0x00, 0x0F, 0xC0, 0x1F, 0x80, 0xFE, 0x01, 0xF8, 0x00, 0x0F, 0xC0, 0x1F, 0x80, 0xFE, 0x01,
    0xF8, 0x00, 0x0F, 0xC0, 0x1F, 0x80, 0xFF, 0x01, 0xFC, 0x00, 0x0F, 0xC0, 0x3F, 0x80, 0x7F, 0x01,
    0xFC, 0x00, 0x1F, 0xC0, 0x3F, 0x80, 0x7F, 0x01, 0xFE, 0x00, 0x1F, 0xC0, 0x3F, 0x80, 0x7F, 0x00,
    0xFE, 0x00, 0x3F, 0xE0, 0x3F, 0x00, 0x7F, 0x00, 0xFF, 0x80, 0xFF, 0xE0, 0x7F, 0x00, 0x7F, 0x80,
    0x7F, 0xFF, 0xFF, 0xF0, 0xFE, 0x00, 0x3F, 0x80, 0x7F, 0xFF, 0xFF, 0xFF, 0xFE, 0x00, 0x3F, 0x80,
    0x3F, 0xFF, 0xF7, 0xFF, 0xFC, 0x00, 0x3F, 0xC0, 0x1F, 0xFF, 0xF3, 0xFF, 0xFC, 0x00, 0x3F, 0xC0,
    0x0F, 0xFF, 0xE1, 0xFF, 0xF8, 0x00, 0x1F, 0xE0, 0x07, 0xFF, 0x80, 0xFF, 0xE0, 0x00, 0x1F, 0xF0,
    0x00, 0xFE, 0x00, 0x3F, 0x80, 0x00, 0x0F, 0xF0, 0x00, 0x00, 0x00, 0x00, 0x00, 0x00, 0x0F, 0xF8,
    0x00, 0x00, 0x00, 0x00, 0x00, 0x00, 0x07, 0xFE, 0x00, 0x00, 0x00, 0x00, 0x00, 0x00, 0x03, 0xFF,
    0x00, 0x00, 0x00, 0x00, 0x00, 0x00, 0x01, 0xFF, 0xC0, 0x00, 0x00, 0x00, 0x00, 0x00, 0x01, 0xFF,
    0xF0, 0x00, 0x00, 0x60, 0x00, 0x00, 0x00, 0xFF, 0xFE, 0x00, 0x03, 0xE0, 0x00, 0x00, 0x00, 0x3F,
    0xFF, 0xFF, 0xFF, 0xF0, 0x00, 0x00, 0x00, 0x1F, 0xFF, 0xFF, 0xFF, 0xF0, 0x00, 0x00, 0x00, 0x0F,
    0xFF, 0xFF, 0xFF, 0xF0, 0x00, 0x00, 0x00, 0x03, 0xFF, 0xFF, 0xFF, 0xF8, 0x00, 0x00, 0x00, 0x00,
    0xFF, 0xFF, 0xFF, 0xF0, 0x00, 0x00, 0x00, 0x00, 0x1F, 0xFF, 0xFF, 0x80, 0x00, 0x00, 0x00, 0x00,
    0x00, 0xFF, 0xF0, 0x00, 0x00, 0x00, 0x00, 0x00, 0xFF, 0xE0, 0x00, 0x00, 0x00, 0x01, 0xFF, 0xE0,
    0x00, 0x00, 0x00, 0x01, 0xFF, 0xE0, 0x00, 0x00, 0x00, 0x01, 0xFF, 0xF0, 0x00, 0x00, 0x00, 0x03,
    0xFF, 0xF0, 0x00, 0x00, 0x00, 0x03, 0xFF, 0xF0, 0x00, 0x00, 0x00, 0x03, 0xFF, 0xF8, 0x00, 0x00,
    0x00, 0x07, 0xFF, 0xF8, 0x00, 0x00, 0x00, 0x07, 0xFB, 0xF8, 0x00, 0x00, 0x00, 0x07, 0xF3, 0xFC,
    0x00, 0x00, 0x00, 0x0F, 0xF3, 0xFC, 0x00, 0x00, 0x00, 0x0F, 0xF3, 0xFC, 0x00, 0x00, 0x00, 0x1F,
    0xF1, 0xFE, 0x00, 0x00, 0x00, 0x1F, 0xE1, 0xFE, 0x00, 0x00, 0x00, 0x1F, 0xE1, 0xFF, 0x00, 0x00,
    0x00, 0x3F, 0xE1, 0xFF, 0x00, 0x00, 0x00, 0x3F, 0xC0, 0xFF, 0x00, 0x00, 0x00, 0x3F, 0xC0, 0xFF,
    0x80, 0x00, 0x00, 0x7F, 0xC0, 0xFF, 0x80, 0x00, 0x00, 0x7F, 0xC0, 0x7F, 0x80, 0x00, 0x00, 0x7F,
    0x80, 0x7F, 0xC0, 0x00, 0x00, 0xFF, 0x80, 0x7F, 0xC0, 0x00, 0x00, 0xFF, 0x80, 0x3F, 0xC0, 0x00,
    0x00, 0xFF, 0x00, 0x3F, 0xE0, 0x00, 0x01, 0xFF, 0x00, 0x3F, 0xE0, 0x00, 0x01, 0xFF, 0x00, 0x1F,
    0xE0, 0x00, 0x01, 0xFE, 0x00, 0x1F, 0xF0, 0x00, 0x03, 0xFE, 0x00, 0x1F, 0xF0, 0x00, 0x03, 0xFF,
    0xFF, 0xFF, 0xF0, 0x00, 0x03, 0xFF, 0xFF, 0xFF, 0xF8, 0x00, 0x07, 0xFF, 0xFF, 0xFF, 0xF8, 0x00,
    0x07, 0xFF, 0xFF, 0xFF, 0xFC, 0x00, 0x07, 0xFF, 0xFF, 0xFF, 0xFC, 0x00, 0x0F, 0xFF, 0xFF, 0xFF,
    0xFC, 0x00, 0x0F, 0xFF, 0xFF, 0xFF, 0xFE, 0x00, 0x0F, 0xF0, 0x00, 0x03, 0xFE, 0x00, 0x1F, 0xF0,
    0x00, 0x03, 0xFE, 0x00, 0x1F, 0xF0, 0x00, 0x01, 0xFF, 0x00, 0x3F, 0xE0, 0x00, 0x01, 0xFF, 0x00,
    0x3F, 0xE0, 0x00, 0x01, 0xFF, 0x00, 0x3F, 0xE0, 0x00, 0x00, 0xFF, 0x80, 0x7F, 0xC0, 0x00, 0x00,
    0xFF, 0x80, 0x7F, 0xC0, 0x00, 0x00, 0xFF, 0x80, 0x7F, 0xC0, 0x00, 0x00, 0x7F, 0xC0, 0xFF, 0x80,
    0x00, 0x00, 0x7F, 0xC0, 0xFF, 0x80, 0x00, 0x00, 0x7F, 0xC0, 0xFF, 0x80, 0x00, 0x00, 0x3F, 0xE0,
    0xFF, 0xFF, 0xFE, 0x00, 0x00, 0xFF, 0xFF, 0xFF, 0xC0, 0x00, 0xFF, 0xFF, 0xFF, 0xF0, 0x00, 0xFF,
    0xFF, 0xFF, 0xF8, 0x00, 0xFF, 0xFF, 0xFF, 0xFC, 0x00, 0xFF, 0xFF, 0xFF, 0xFE, 0x00, 0xFF, 0xFF,
    0xFF, 0xFE, 0x00, 0xFF, 0x00, 0x07, 0xFF, 0x00, 0xFF, 0x00, 0x03, 0xFF, 0x00, 0xFF, 0x00, 0x01,
    0xFF, 0x00, 0xFF, 0x00, 0x00, 0xFF, 0x00, 0xFF, 0x00, 0x00, 0xFF, 0x80, 0xFF, 0x00, 0x00, 0xFF,
    0x00, 0xFF, 0x00, 0x00, 0xFF, 0x00, 0xFF, 0x00, 0x00, 0xFF, 0x00, 0xFF, 0x00, 0x00, 0xFF, 0x00,
    0xFF, 0x00, 0x01, 0xFF, 0x00, 0xFF, 0x00, 0x03, 0xFE, 0x00, 0xFF, 0x00, 0x0F, 0xFC, 0x00, 0xFF,
    0xFF, 0xFF, 0xF8, 0x00, 0xFF, 0xFF, 0xFF, 0xF0, 0x00, 0xFF, 0xFF, 0xFF, 0x80, 0x00, 0xFF, 0xFF,
    0xFF, 0xC0, 0x00, 0xFF, 0xFF, 0xFF, 0xF8, 0x00, 0xFF, 0xFF, 0xFF, 0xFC, 0x00, 0xFF, 0xFF, 0xFF,
    0xFE, 0x00, 0xFF, 0x00, 0x07, 0xFF, 0x00, 0xFF, 0x00, 0x01, 0xFF, 0x80, 0xFF, 0x00, 0x00, 0xFF,
    0x80, 0xFF, 0x00, 0x00, 0x7F, 0xC0, 0xFF, 0x00, 0x00, 0x7F, 0xC0, 0xFF, 0x00, 0x00, 0x3F, 0xC0,
    0xFF, 0x00, 0x00, 0x3F, 0xC0, 0xFF, 0x00, 0x00, 0x3F, 0xC0, 0xFF, 0x00, 0x00, 0x3F, 0xC0, 0xFF,
    0x00, 0x00, 0x3F, 0xC0, 0xFF, 0x00, 0x00, 0x7F, 0xC0, 0xFF, 0x00, 0x00, 0x7F, 0xC0, 0xFF, 0x00,
    0x00, 0xFF, 0xC0, 0xFF, 0x00, 0x03, 0xFF, 0x80, 0xFF, 0xFF, 0xFF, 0xFF, 0x80, 0xFF, 0xFF, 0xFF,
    0xFF, 0x00, 0xFF, 0xFF, 0xFF, 0xFE, 0x00, 0xFF, 0xFF, 0xFF, 0xFC, 0x00, 0xFF, 0xFF, 0xFF, 0xF8,
    0x00, 0xFF, 0xFF, 0xFF, 0xE0, 0x00, 0xFF, 0xFF, 0xFF, 0x00, 0x00, 0x00, 0x01, 0xFF, 0xF0, 0x00,
    0x00, 0x00, 0x0F, 0xFF, 0xFE, 0x00, 0x00, 0x00, 0x3F, 0xFF, 0xFF, 0x80, 0x00, 0x00, 0x7F, 0xFF,
    0xFF, 0xC0, 0x00, 0x00, 0xFF, 0xFF, 0xFF, 0xE0, 0x00, 0x01, 0xFF, 0xFF, 0xFF, 0xF0, 0x00, 0x03,
    0xFF, 0xFF, 0xFF, 0xF8, 0x00, 0x07, 0xFF, 0xFF, 0xFF, 0xFC, 0x00, 0x0F, 0xFF, 0x80, 0x1F, 0xFE,
    0x00, 0x0F, 0xFE, 0x00, 0x07, 0xFE, 0x00, 0x1F, 0xF8, 0x00, 0x03, 0xFF, 0x00, 0x1F, 0xF0, 0x00,
    0x01, 0xFF, 0x00, 0x3F, 0xF0, 0x00, 0x01, 0xFF, 0x00, 0x3F, 0xE0, 0x00, 0x00, 0xFF, 0x80, 0x7F,
    0xC0, 0x00, 0x00, 0xFF, 0x80, 0x7F, 0xC0, 0x00, 0x00, 0x7F, 0x80, 0x7F, 0xC0, 0x00, 0x00, 0x00,
    0x00, 0x7F, 0x80, 0x00, 0x00, 0x00, 0x00, 0x7F, 0x80, 0x00, 0x00, 0x00, 0x00, 0xFF, 0x80, 0x00,
    0x00, 0x00, 0x00, 0xFF, 0x80, 0x00, 0x00, 0x00, 0x00, 0xFF, 0x80, 0x00, 0x00, 0x00, 0x00, 0xFF,
    0x80, 0x00, 0x00, 0x00, 0x00, 0xFF, 0x80, 0x00, 0x00, 0x00, 0x00, 0xFF, 0x80, 0x00, 0x00, 0x00,
    0x00, 0xFF, 0x80, 0x00, 0x00, 0x00, 0x00, 0xFF, 0x80, 0x00, 0x00, 0x00, 0x00, 0xFF, 0x80, 0x00,
    0x00, 0x00, 0x00, 0x7F, 0x80, 0x00, 0x00, 0x00, 0x00, 0x7F, 0x80, 0x00, 0x00, 0x00, 0x00, 0x7F,
    0xC0, 0x00, 0x00, 0x00, 0x00, 0x7F, 0xC0, 0x00, 0x00, 0x7F, 0x80, 0x7F, 0xC0, 0x00, 0x00, 0xFF,
    0x80, 0x3F, 0xE0, 0x00, 0x00, 0xFF, 0x80, 0x3F, 0xF0, 0x00, 0x01, 0xFF, 0x00, 0x1F, 0xF0, 0x00,
    0x01, 0xFF, 0x00, 0x1F, 0xF8, 0x00, 0x03, 0xFF, 0x00, 0x0F, 0xFE, 0x00, 0x07, 0xFE, 0x00, 0x0F,
    0xFF, 0x80, 0x1F, 0xFC, 0x00, 0x07, 0xFF, 0xFF, 0xFF, 0xFC, 0x00, 0x03, 0xFF, 0xFF, 0xFF, 0xF8,
    0x00, 0x01, 0xFF, 0xFF, 0xFF, 0xF0, 0x00, 0x00, 0xFF, 0xFF, 0xFF, 0xE0, 0x00, 0x00, 0x7F, 0xFF,
    0xFF, 0xC0, 0x00, 0x00, 0x3F, 0xFF, 0xFF, 0x80, 0x00, 0x00, 0x0F, 0xFF, 0xFE, 0x00, 0x00, 0x00,
    0x01, 0xFF, 0xF0, 0x00, 0x00, 0xFF, 0xFF, 0xF8, 0x00, 0x00, 0xFF, 0xFF, 0xFF, 0x80, 0x00, 0xFF,
    0xFF, 0xFF, 0xE0, 0x00, 0xFF, 0xFF, 0xFF, 0xF8, 0x00, 0xFF, 0xFF, 0xFF, 0xFC, 0x00, 0xFF, 0xFF,
    0xFF, 0xFE, 0x00, 0xFF, 0xFF, 0xFF, 0xFF, 0x00, 0xFF, 0x00, 0x0F, 0xFF, 0x80, 0xFF, 0x00, 0x01,
    0xFF, 0xC0, 0xFF, 0x00, 0x00, 0xFF, 0xC0, 0xFF, 0x00, 0x00, 0x3F, 0xE0, 0xFF, 0x00, 0x00, 0x3F,
    0xF0, 0xFF, 0x00, 0x00, 0x1F, 0xF0, 0xFF, 0x00, 0x00, 0x0F, 0xF0, 0xFF, 0x00, 0x00, 0x0F, 0xF8,
    0xFF, 0x00, 0x00, 0x07, 0xF8, 0xFF, 0x00, 0x00, 0x07, 0xF8, 0xFF, 0x00, 0x00, 0x07, 0xF8, 0xFF,
    0x00, 0x00, 0x07, 0xFC, 0xFF, 0x00, 0x00, 0x03, 0xFC, 0xFF, 0x00, 0x00, 0x03, 0xFC, 0xFF, 0x00,
    0x00, 0x03, 0xFC, 0xFF, 0x00, 0x00, 0x03, 0xFC, 0xFF, 0x00, 0x00, 0x03, 0xFC, 0xFF, 0x00, 0x00,
    0x03, 0xFC, 0xFF, 0x00, 0x00, 0x03, 0xFC, 0xFF, 0x00, 0x00, 0x03, 0xFC, 0xFF, 0x00, 0x00, 0x07,
    0xFC, 0xFF, 0x00, 0x00, 0x07, 0xFC, 0xFF, 0x00, 0x00, 0x07, 0xF8, 0xFF, 0x00, 0x00, 0x07, 0xF8,
    0xFF, 0x00, 0x00, 0x07, 0xF8, 0xFF, 0x00, 0x00, 0x0F, 0xF8, 0xFF, 0x00, 0x00, 0x0F, 0xF0, 0xFF,
    0x00, 0x00, 0x1F, 0xF0, 0xFF, 0x00, 0x00, 0x3F, 0xF0, 0xFF, 0x00, 0x00, 0x7F, 0xE0, 0xFF, 0x00,
    0x00, 0xFF, 0xC0, 0xFF, 0x00, 0x01, 0xFF, 0xC0, 0xFF, 0x00, 0x0F, 0xFF, 0x80, 0xFF, 0xFF, 0xFF,
    0xFF, 0x00, 0xFF, 0xFF, 0xFF, 0xFE, 0x00, 0xFF, 0xFF, 0xFF, 0xFC, 0x00, 0xFF, 0xFF, 0xFF, 0xF8,
    0x00, 0xFF, 0xFF, 0xFF, 0xE0, 0x00, 0xFF, 0xFF, 0xFF, 0x80, 0x00, 0xFF, 0xFF, 0xF8, 0x00, 0x00,
    0xFF, 0xFF, 0xFF, 0xFC, 0xFF, 0xFF, 0xFF, 0xFC, 0xFF, 0xFF, 0xFF, 0xFC, 0xFF, 0xFF, 0xFF, 0xFC,
    0xFF, 0xFF, 0xFF, 0xFC, 0xFF, 0xFF, 0xFF, 0xFC, 0xFF, 0xFF, 0xFF, 0xFC, 0xFF, 0x00, 0x00, 0x00,
    0xFF, 0x00, 0x00, 0x00, 0xFF, 0x00, 0x00, 0x00, 0xFF, 0x00, 0x00, 0x00, 0xFF, 0x00, 0x00, 0x00,
    0xFF, 0x00, 0x00, 0x00, 0xFF, 0x00, 0x00, 0x00, 0xFF, 0x00, 0x00, 0x00, 0xFF, 0x00, 0x00, 0x00,
    0xFF, 0x00, 0x00, 0x00, 0xFF, 0x00, 0x00, 0x00, 0xFF, 0x00, 0x00, 0x00, 0xFF, 0x00, 0x00, 0x00,
    0xFF, 0xFF, 0xFF, 0xF0, 0xFF, 0xFF, 0xFF, 0xF0, 0xFF, 0xFF, 0xFF, 0xF0, 0xFF, 0xFF, 0xFF, 0xF0,
    0xFF, 0xFF, 0xFF, 0xF0, 0xFF, 0xFF, 0xFF, 0xF0, 0xFF, 0xFF, 0xFF, 0xF0, 0xFF, 0x00, 0x00, 0x00,
    0xFF, 0x00, 0x00, 0x00, 0xFF, 0x00, 0x00, 0x00, 0xFF, 0x00, 0x00, 0x00, 0xFF, 0x00, 0x00, 0x00,
    0xFF, 0x00, 0x00, 0x00, 0xFF, 0x00, 0x00, 0x00, 0xFF, 0x00, 0x00, 0x00, 0xFF, 0x00, 0x00, 0x00,
    0xFF, 0x00, 0x00, 0x00, 0xFF, 0x00, 0x00, 0x00, 0xFF, 0x00, 0x00, 0x00, 0xFF, 0x00, 0x00, 0x00,
    0xFF, 0xFF, 0xFF, 0xFC, 0xFF, 0xFF, 0xFF, 0xFC, 0xFF, 0xFF, 0xFF, 0xFC, 0xFF, 0xFF, 0xFF, 0xFC,
    0xFF, 0xFF, 0xFF, 0xFC, 0xFF, 0xFF, 0xFF, 0xFC, 0xFF, 0xFF, 0xFF, 0xFC, 0xFF, 0xFF, 0xFF, 0xFC,
    0xFF, 0xFF, 0xFF, 0xFC, 0xFF, 0xFF, 0xFF, 0xFC, 0xFF, 0xFF, 0xFF, 0xFC, 0xFF, 0xFF, 0xFF, 0xFC,
    0xFF, 0xFF, 0xFF, 0xFC, 0xFF, 0xFF, 0xFF, 0xF8, 0xFF, 0x00, 0x00, 0x00, 0xFF, 0x00, 0x00, 0x00,
    0xFF, 0x00, 0x00, 0x00, 0xFF, 0x00, 0x00, 0x00, 0xFF, 0x00, 0x00, 0x00, 0xFF, 0x00, 0x00, 0x00,
    0xFF, 0x00, 0x00, 0x00, 0xFF, 0x00, 0x00, 0x00, 0xFF, 0x00, 0x00, 0x00, 0xFF, 0x00, 0x00, 0x00,
    0xFF, 0x00, 0x00, 0x00, 0xFF, 0x00, 0x00, 0x00, 0xFF, 0x00, 0x00, 0x00, 0xFF, 0x00, 0x00, 0x00,
    0xFF, 0xFF, 0xFF, 0xE0, 0xFF, 0xFF, 0xFF, 0xE0, 0xFF, 0xFF, 0xFF, 0xE0, 0xFF, 0xFF, 0xFF, 0xE0,
    0xFF, 0xFF, 0xFF, 0xE0, 0xFF, 0xFF, 0xFF, 0xE0, 0xFF, 0xFF, 0xFF, 0xE0, 0xFF, 0x00, 0x00, 0x00,
    0xFF, 0x00, 0x00, 0x00, 0xFF, 0x00, 0x00, 0x00, 0xFF, 0x00, 0x00, 0x00, 0xFF, 0x00, 0x00, 0x00,
    0xFF, 0x00, 0x00, 0x00, 0xFF, 0x00, 0x00, 0x00, 0xFF, 0x00, 0x00, 0x00, 0xFF, 0x00, 0x00, 0x00,
    0xFF, 0x00, 0x00, 0x00, 0xFF, 0x00, 0x00, 0x00, 0xFF, 0x00, 0x00, 0x00, 0xFF, 0x00, 0x00, 0x00,
    0xFF, 0x00, 0x00, 0x00, 0xFF, 0x00, 0x00, 0x00, 0xFF, 0x00, 0x00, 0x00, 0xFF, 0x00, 0x00, 0x00,
    0xFF, 0x00, 0x00, 0x00, 0xFF, 0x00, 0x00, 0x00, 0x00, 0x01, 0xFF, 0xF0, 0x00, 0x00, 0x00, 0x0F,
    0xFF, 0xFE, 0x00, 0x00, 0x00, 0x3F, 0xFF, 0xFF, 0x80, 0x00, 0x00, 0x7F, 0xFF, 0xFF, 0xC0, 0x00,
    0x00, 0xFF, 0xFF, 0xFF, 0xE0, 0x00, 0x01, 0xFF, 0xFF, 0xFF, 0xF0, 0x00, 0x03, 0xFF, 0xFF, 0xFF,
    0xF8, 0x00, 0x07, 0xFF, 0xFF, 0xFF, 0xFC, 0x00, 0x0F, 0xFF, 0x80, 0x1F, 0xFE, 0x00, 0x0F, 0xFE,
    0x00, 0x07, 0xFE, 0x00, 0x1F, 0xF8, 0x00, 0x03, 0xFF, 0x00, 0x1F, 0xF0, 0x00, 0x01, 0xFF, 0x00,
    0x3F, 0xF0, 0x00, 0x01, 0xFF, 0x80, 0x3F, 0xE0, 0x00, 0x00, 0xFF, 0x80, 0x7F, 0xC0, 0x00, 0x00,
    0xFF, 0x80, 0x7F, 0xC0, 0x00, 0x00, 0x00, 0x00, 0x7F, 0xC0, 0x00, 0x00, 0x00, 0x00, 0x7F, 0x80,
    0x00, 0x00, 0x00, 0x00, 0x7F, 0x80, 0x00, 0x00, 0x00, 0x00, 0xFF, 0x80, 0x00, 0x00, 0x00, 0x00,
    0xFF, 0x80, 0x00, 0x00, 0x00, 0x00, 0xFF, 0x80, 0x00, 0x00, 0x00, 0x00, 0xFF, 0x80, 0x01, 0xFF,
    0xFF, 0xC0, 0xFF, 0x80, 0x01, 0xFF, 0xFF, 0xC0, 0xFF, 0x80, 0x01, 0xFF, 0xFF, 0xC0, 0xFF, 0x80,
    0x01, 0xFF, 0xFF, 0xC0, 0xFF, 0x80, 0x01, 0xFF, 0xFF, 0xC0, 0xFF, 0x80, 0x01, 0xFF, 0xFF, 0xC0,
    0x7F, 0x80, 0x01, 0xFF, 0xFF, 0x80, 0x7F, 0x80, 0x00, 0x00, 0x7F, 0x80, 0x7F, 0xC0, 0x00, 0x00,
    0x7F, 0x80, 0x7F, 0xC0, 0x00, 0x00, 0x7F, 0x80, 0x7F, 0xC0, 0x00, 0x00, 0x7F, 0x80, 0x3F, 0xE0,
    0x00, 0x00, 0xFF, 0x80, 0x3F, 0xF0, 0x00, 0x00, 0xFF, 0x80, 0x1F, 0xF0, 0x00, 0x01, 0xFF, 0x00,
    0x1F, 0xF8, 0x00, 0x03, 0xFF, 0x00, 0x0F, 0xFE, 0x00, 0x07, 0xFE, 0x00, 0x0F, 0xFF, 0x80, 0x1F,
    0xFE, 0x00, 0x07, 0xFF, 0xFF, 0xFF, 0xFC, 0x00, 0x03, 0xFF, 0xFF, 0xFF, 0xF8, 0x00, 0x01, 0xFF,
    0xFF, 0xFF, 0xF8, 0x00, 0x00, 0xFF, 0xFF, 0xFF, 0xF0, 0x00, 0x00, 0x7F, 0xFF, 0xFF, 0xC0, 0x00,
    0x00, 0x3F, 0xFF, 0xFF, 0x80, 0x00, 0x00, 0x0F, 0xFF, 0xFE, 0x00, 0x00, 0x00, 0x01, 0xFF, 0xF8,
    0x00, 0x00, 0xFF, 0x00, 0x00, 0x03, 0xFC, 0xFF, 0x00, 0x00, 0x03, 0xFC, 0xFF, 0x00, 0x00, 0x03,
    0xFC, 0xFF, 0x00, 0x00, 0x03, 0xFC, 0xFF, 0x00, 0x00, 0x03, 0xFC, 0xFF, 0x00, 0x00, 0x03, 0xFC,
    0xFF, 0x00, 0x00, 0x03, 0xFC, 0xFF, 0x00, 0x00, 0x03, 0xFC, 0xFF, 0x00, 0x00, 0x03, 0xFC, 0xFF,
    0x00, 0x00, 0x03, 0xFC, 0xFF, 0x00, 0x00, 0x03, 0xFC, 0xFF, 0x00, 0x00, 0x03, 0xFC, 0xFF, 0x00,
    0x00, 0x03, 0xFC, 0xFF, 0x00, 0x00, 0x03, 0xFC, 0xFF, 0x00, 0x00, 0x03, 0xFC, 0xFF, 0x00, 0x00,
    0x03, 0xFC, 0xFF, 0x00, 0x00, 0x03, 0xFC, 0xFF, 0x00, 0x00, 0x03, 0xFC, 0xFF, 0x00, 0x00, 0x03,
    0xFC, 0xFF, 0xFF, 0xFF, 0xFF, 0xFC, 0xFF, 0xFF, 0xFF, 0xFF, 0xFC, 0xFF, 0xFF, 0xFF, 0xFF, 0xFC,
    0xFF, 0xFF, 0xFF, 0xFF, 0xFC, 0xFF, 0xFF, 0xFF, 0xFF, 0xFC, 0xFF, 0xFF, 0xFF, 0xFF, 0xFC, 0xFF,
    0xFF, 0xFF, 0xFF, 0xFC, 0xFF, 0x00, 0x00, 0x03, 0xFC, 0xFF, 0x00, 0x00, 0x03, 0xFC, 0xFF, 0x00,
    0x00, 0x03, 0xFC, 0xFF, 0x00, 0x00, 0x03, 0xFC, 0xFF, 0x00, 0x00, 0x03, 0xFC, 0xFF, 0x00, 0x00,
    0x03, 0xFC, 0xFF, 0x00, 0x00, 0x03, 0xFC, 0xFF, 0x00, 0x00, 0x03, 0xFC, 0xFF, 0x00, 0x00, 0x03,
    0xFC, 0xFF, 0x00, 0x00, 0x03, 0xFC, 0xFF, 0x00, 0x00, 0x03, 0xFC, 0xFF, 0x00, 0x00, 0x03, 0xFC,
    0xFF, 0x00, 0x00, 0x03, 0xFC, 0xFF, 0x00, 0x00, 0x03, 0xFC, 0xFF, 0x00, 0x00, 0x03, 0xFC, 0xFF,
    0x00, 0x00, 0x03, 0xFC, 0xFF, 0x00, 0x00, 0x03, 0xFC, 0xFF, 0x00, 0x00, 0x03, 0xFC, 0xFF, 0x00,
    0x00, 0x03, 0xFC, 0xFF, 0x00, 0x00, 0x03, 0xFC, 0xFF, 0x00, 0x00, 0x03, 0xFC, 0xFF, 0xFF, 0xFF,
    0xFF, 0xFF, 0xFF, 0xFF, 0xFF, 0xFF, 0xFF, 0xFF, 0xFF, 0xFF, 0xFF, 0xFF, 0xFF, 0xFF, 0xFF, 0xFF,
    0xFF, 0xFF, 0xFF, 0xFF, 0xFF, 0xFF, 0xFF, 0xFF, 0xFF, 0xFF, 0xFF, 0xFF, 0xFF, 0xFF, 0xFF, 0xFF,
    0xFF, 0xFF, 0xFF, 0xFF, 0xFF, 0xFF, 0xFF, 0xFF, 0xFF, 0xFF, 0xFF, 0xFF, 0x00, 0x00, 0x03, 0xFC,
    0x00, 0x00, 0x03, 0xFC, 0x00, 0x00, 0x03, 0xFC, 0x00, 0x00, 0x03, 0xFC, 0x00, 0x00, 0x03, 0xFC,
    0x00, 0x00, 0x03, 0xFC, 0x00, 0x00, 0x03, 0xFC, 0x00, 0x00, 0x03, 0xFC, 0x00, 0x00, 0x03, 0xFC,
    0x00, 0x00, 0x03, 0xFC, 0x00, 0x00, 0x03, 0xFC, 0x00, 0x00, 0x03, 0xFC, 0x00, 0x00, 0x03, 0xFC,
    0x00, 0x00, 0x03, 0xFC, 0x00, 0x00, 0x03, 0xFC, 0x00, 0x00, 0x03, 0xFC, 0x00, 0x00, 0x03, 0xFC,
    0x00, 0x00, 0x03, 0xFC, 0x00, 0x00, 0x03, 0xFC, 0x00, 0x00, 0x03, 0xFC, 0x00, 0x00, 0x03, 0xFC,
    0x00, 0x00, 0x03, 0xFC, 0x00, 0x00, 0x03, 0xFC, 0x00, 0x00, 0x03, 0xFC, 0x00, 0x00, 0x03, 0xFC,
    0x00, 0x00, 0x03, 0xFC, 0x00, 0x00, 0x03, 0xFC, 0x00, 0x00, 0x03, 0xFC, 0x00, 0x00, 0x03, 0xFC,
    0x00, 0x00, 0x03, 0xFC, 0x00, 0x00, 0x03, 0xFC, 0xFF, 0x80, 0x03, 0xFC, 0xFF, 0x80, 0x03, 0xFC,
    0xFF, 0x80, 0x03, 0xFC, 0xFF, 0x80, 0x03, 0xFC, 0x7F, 0x80, 0x03, 0xFC, 0x7F, 0x80, 0x03, 0xFC,
    0x7F, 0xC0, 0x07, 0xFC, 0x7F, 0xC0, 0x07, 0xFC, 0x3F, 0xE0, 0x0F, 0xF8, 0x3F, 0xF8, 0x3F, 0xF8,
    0x1F, 0xFF, 0xFF, 0xF0, 0x1F, 0xFF, 0xFF, 0xE0, 0x0F, 0xFF, 0xFF, 0xE0, 0x07, 0xFF, 0xFF, 0x80,
    0x01, 0xFF, 0xFF, 0x00, 0x00, 0x7F, 0xFC, 0x00, 0xFF, 0x00, 0x00, 0x1F, 0xFC, 0xFF, 0x00, 0x00,
    0x3F, 0xF8, 0xFF, 0x00, 0x00, 0x7F, 0xF0, 0xFF, 0x00, 0x00, 0x7F, 0xE0, 0xFF, 0x00, 0x00, 0xFF,
    0xC0, 0xFF, 0x00, 0x01, 0xFF, 0x80, 0xFF, 0x00, 0x03, 0xFF, 0x00, 0xFF, 0x00, 0x07, 0xFF, 0x00,
    0xFF, 0x00, 0x0F, 0xFE, 0x00, 0xFF, 0x00, 0x1F, 0xFC, 0x00, 0xFF, 0x00, 0x1F, 0xF8, 0x00, 0xFF,
    0x00, 0x3F, 0xF0, 0x00, 0xFF, 0x00, 0x7F, 0xE0, 0x00, 0xFF, 0x00, 0xFF, 0xC0, 0x00, 0xFF, 0x01,
    0xFF, 0x80, 0x00, 0xFF, 0x03, 0xFF, 0x80, 0x00, 0xFF, 0x03, 0xFF, 0x00, 0x00, 0xFF, 0x07, 0xFE,
    0x00, 0x00, 0xFF, 0x0F, 0xFC, 0x00, 0x00, 0xFF, 0x1F, 0xF8, 0x00, 0x00, 0xFF, 0x3F, 0xF0, 0x00,
    0x00, 0xFF, 0x3F, 0xF8, 0x00, 0x00, 0xFF, 0x7F, 0xF8, 0x00, 0x00, 0xFF, 0xFF, 0xFC, 0x00, 0x00,
    0xFF, 0xFF, 0xFE, 0x00, 0x00, 0xFF, 0xFF, 0xFF, 0x00, 0x00, 0xFF, 0xFD, 0xFF, 0x00, 0x00, 0xFF,
    0xF9, 0xFF, 0x80, 0x00, 0xFF, 0xF0, 0xFF, 0xC0, 0x00, 0xFF, 0xE0, 0x7F, 0xC0, 0x00, 0xFF, 0xC0,
    0x7F, 0xE0, 0x00, 0xFF, 0x80, 0x3F, 0xF0, 0x00, 0xFF, 0x80, 0x1F, 0xF0, 0x00, 0xFF, 0x00, 0x1F,
    0xF8, 0x00, 0xFF, 0x00, 0x0F, 0xFC, 0x00, 0xFF, 0x00, 0x07, 0xFC, 0x00, 0xFF, 0x00, 0x07, 0xFE,
    0x00, 0xFF, 0x00, 0x03, 0xFF, 0x00, 0xFF, 0x00, 0x01, 0xFF, 0x00, 0xFF, 0x00, 0x01, 0xFF, 0x80,
    0xFF, 0x00, 0x00, 0xFF, 0xC0, 0xFF, 0x00, 0x00, 0x7F, 0xE0, 0xFF, 0x00, 0x00, 0x7F, 0xE0, 0xFF,
    0x00, 0x00, 0x3F, 0xF0, 0xFF, 0x00, 0x00, 0x1F, 0xF8, 0xFF, 0x00, 0x00, 0x1F, 0xF8, 0xFF, 0x00,
    0x00, 0x0F, 0xFC, 0xFF, 0x00, 0x00, 0x00, 0xFF, 0x00, 0x00, 0x00, 0xFF, 0x00, 0x00, 0x00, 0xFF,
    0x00, 0x00, 0x00, 0xFF, 0x00, 0x00, 0x00, 0xFF, 0x00, 0x00, 0x00, 0xFF, 0x00, 0x00, 0x00, 0xFF,
    0x00, 0x00, 0x00, 0xFF, 0x00, 0x00, 0x00, 0xFF, 0x00, 0x00, 0x00, 0xFF, 0x00, 0x00, 0x00, 0xFF,
    0x00, 0x00, 0x00, 0xFF, 0x00, 0x00, 0x00, 0xFF, 0x00, 0x00, 0x00, 0xFF, 0x00, 0x00, 0x00, 0xFF,
    0x00, 0x00, 0x00, 0xFF, 0x00, 0x00, 0x00, 0xFF, 0x00, 0x00, 0x00, 0xFF, 0x00, 0x00, 0x00, 0xFF,
    0x00, 0x00, 0x00, 0xFF, 0x00, 0x00, 0x00, 0xFF, 0x00, 0x00, 0x00, 0xFF, 0x00, 0x00, 0x00, 0xFF,
    0x00, 0x00, 0x00, 0xFF, 0x00, 0x00, 0x00, 0xFF, 0x00, 0x00, 0x00, 0xFF, 0x00, 0x00, 0x00, 0xFF,
    0x00, 0x00, 0x00, 0xFF, 0x00, 0x00, 0x00, 0xFF, 0x00, 0x00, 0x00, 0xFF, 0x00, 0x00, 0x00, 0xFF,
    0x00, 0x00, 0x00, 0xFF, 0x00, 0x00, 0x00, 0xFF, 0x00, 0x00, 0x00, 0xFF, 0x00, 0x00, 0x00, 0xFF,
    0x00, 0x00, 0x00, 0xFF, 0x00, 0x00, 0x00, 0xFF, 0x00, 0x00, 0x00, 0xFF, 0x00, 0x00, 0x00, 0xFF,
    0x00, 0x00, 0x00, 0xFF, 0xFF, 0xFF, 0xF0, 0xFF, 0xFF, 0xFF, 0xF8, 0xFF, 0xFF, 0xFF, 0xF8, 0xFF,
    0xFF, 0xFF, 0xF8, 0xFF, 0xFF, 0xFF, 0xF8, 0xFF, 0xFF, 0xFF, 0xF8, 0xFF, 0xFF, 0xFF, 0xF8, 0xFF,
    0xF0, 0x00, 0x00, 0x07, 0xFF, 0x80, 0xFF, 0xF8, 0x00, 0x00, 0x0F, 0xFF, 0x80, 0xFF, 0xF8, 0x00,
    0x00, 0x0F, 0xFF, 0x80, 0xFF, 0xFC, 0x00, 0x00, 0x1F, 0xFF, 0x80, 0xFF, 0xFC, 0x00, 0x00, 0x1F,
    0xFF, 0x80, 0xFF, 0xFC, 0x00, 0x00, 0x1F, 0xFF, 0x80, 0xFF, 0xFE, 0x00, 0x00, 0x3F, 0xFF, 0x80,
    0xFF, 0xFE, 0x00, 0x00, 0x3F, 0xFF, 0x80, 0xFF, 0xFE, 0x00, 0x00, 0x3F, 0xFF, 0x80, 0xFF, 0xFF,
    0x00, 0x00, 0x7F, 0xFF, 0x80, 0xFF, 0xFF, 0x00, 0x00, 0x7F, 0xFF, 0x80, 0xFF, 0x7F, 0x00, 0x00,
    0x7F, 0x7F, 0x80, 0xFF, 0x7F, 0x80, 0x00, 0xFF, 0x7F, 0x80, 0xFF, 0x7F, 0x80, 0x00, 0xFF, 0x7F,
    0x80, 0xFF, 0x7F, 0xC0, 0x00, 0xFE, 0x7F, 0x80, 0xFF, 0x3F, 0xC0, 0x01, 0xFE, 0x7F, 0x80, 0xFF,
    0x3F, 0xC0, 0x01, 0xFE, 0x7F, 0x80, 0xFF, 0x3F, 0xE0, 0x03, 0xFE, 0x7F, 0x80, 0xFF, 0x1F, 0xE0,
    0x03, 0xFC, 0x7F, 0x80, 0xFF, 0x1F, 0xE0, 0x03, 0xFC, 0x7F, 0x80, 0xFF, 0x1F, 0xF0, 0x07, 0xFC,
    0x7F, 0x80, 0xFF, 0x0F, 0xF0, 0x07, 0xF8, 0x7F, 0x80, 0xFF, 0x0F, 0xF0, 0x07, 0xF8, 0x7F, 0x80,
    0xFF, 0x0F, 0xF8, 0x0F, 0xF8, 0x7F, 0x80, 0xFF, 0x07, 0xF8, 0x0F, 0xF0, 0x7F, 0x80, 0xFF, 0x07,
    0xF8, 0x0F, 0xF0, 0x7F, 0x80, 0xFF, 0x07, 0xFC, 0x1F, 0xF0, 0x7F, 0x80, 0xFF, 0x03, 0xFC, 0x1F,
    0xE0, 0x7F, 0x80, 0xFF, 0x03, 0xFC, 0x1F, 0xE0, 0x7F, 0x80, 0xFF, 0x03, 0xFE, 0x1F, 0xC0, 0x7F,
    0x80, 0xFF, 0x01, 0xFE, 0x3F, 0xC0, 0x7F, 0x80, 0xFF, 0x01, 0xFE, 0x3F, 0xC0, 0x7F, 0x80, 0xFF,
    0x00, 0xFE, 0x3F, 0x80, 0x7F, 0x80, 0xFF, 0x00, 0xFF, 0x3F, 0x80, 0x7F, 0x80, 0xFF, 0x00, 0xFF,
    0x7F, 0x80, 0x7F, 0x80, 0xFF, 0x00, 0x7F, 0x7F, 0x00, 0x7F, 0x80, 0xFF, 0x00, 0x7F, 0x7F, 0x00,
    0x7F, 0x80, 0xFF, 0x00, 0x7F, 0xFF, 0x00, 0x7F, 0x80, 0xFF, 0x00, 0x3F, 0xFE, 0x00, 0x7F, 0x80,
    0xFF, 0x00, 0x3F, 0xFE, 0x00, 0x7F, 0x80, 0xFF, 0x00, 0x1F, 0xFC, 0x00, 0x7F, 0x80, 0xFF, 0x00,
    0x1F, 0xFC, 0x00, 0x7F, 0x80, 0xFF, 0x00, 0x1F, 0xFC, 0x00, 0x7F, 0x80, 0xFF, 0x00, 0x0F, 0xF8,
    0x00, 0x7F, 0x80, 0xFF, 0x00, 0x0F, 0xF8, 0x00, 0x7F, 0x80, 0xFF, 0x00, 0x0F, 0xF8, 0x00, 0x7F,
    0x80, 0xFF, 0x00, 0x07, 0xF0, 0x00, 0x7F, 0x80, 0xFF, 0x80, 0x00, 0x03, 0xFE, 0xFF, 0xC0, 0x00,
    0x03, 0xFE, 0xFF, 0xE0, 0x00, 0x03, 0xFE, 0xFF, 0xE0, 0x00, 0x03, 0xFE, 0xFF, 0xF0, 0x00, 0x03,
    0xFE, 0xFF, 0xF8, 0x00, 0x03, 0xFE, 0xFF, 0xF8, 0x00, 0x03, 0xFE, 0xFF, 0xFC, 0x00, 0x03, 0xFE,
    0xFF, 0xFC, 0x00, 0x03, 0xFE, 0xFF, 0xFE, 0x00, 0x03, 0xFE, 0xFF, 0xFF, 0x00, 0x03, 0xFE, 0xFF,
    0xFF, 0x00, 0x03, 0xFE, 0xFF, 0x7F, 0x80, 0x03, 0xFE, 0xFF, 0x7F, 0x80, 0x03, 0xFE, 0xFF, 0x3F,
    0xC0, 0x03, 0xFE, 0xFF, 0x3F, 0xE0, 0x03, 0xFE, 0xFF, 0x1F, 0xE0, 0x03, 0xFE, 0xFF, 0x1F, 0xF0,
    0x03, 0xFE, 0xFF, 0x0F, 0xF8, 0x03, 0xFE, 0xFF, 0x0F, 0xF8, 0x03, 0xFE, 0xFF, 0x07, 0xFC, 0x03,
    0xFE, 0xFF, 0x07, 0xFC, 0x03, 0xFE, 0xFF, 0x03, 0xFE, 0x03, 0xFE, 0xFF, 0x01, 0xFF, 0x03, 0xFE,
    0xFF, 0x01, 0xFF, 0x03, 0xFE, 0xFF, 0x00, 0xFF, 0x83, 0xFE, 0xFF, 0x00, 0x7F, 0xC3, 0xFE, 0xFF,
    0x00, 0x7F, 0xC3, 0xFE, 0xFF, 0x00, 0x3F, 0xE1, 0xFE, 0xFF, 0x00, 0x3F, 0xE1, 0xFE, 0xFF, 0x00,
    0x1F, 0xF1, 0xFE, 0xFF, 0x00, 0x0F, 0xF1, 0xFE, 0xFF, 0x00, 0x0F, 0xF9, 0xFE, 0xFF, 0x00, 0x07,
    0xF9, 0xFE, 0xFF, 0x00, 0x03, 0xFD, 0xFE, 0xFF, 0x00, 0x03, 0xFD, 0xFE, 0xFF, 0x00, 0x01, 0xFF,
    0xFE, 0xFF, 0x00, 0x01, 0xFF, 0xFE, 0xFF, 0x00, 0x00, 0xFF, 0xFE, 0xFF, 0x00, 0x00, 0x7F, 0xFE,
    0xFF, 0x00, 0x00, 0x7F, 0xFE, 0xFF, 0x00, 0x00, 0x3F, 0xFE, 0xFF, 0x00, 0x00, 0x1F, 0xFE, 0xFF,
    0x00, 0x00, 0x1F, 0xFE, 0xFF, 0x00, 0x00, 0x0F, 0xFE, 0xFF, 0x00, 0x00, 0x0F, 0xFE, 0xFF, 0x00,
    0x00, 0x07, 0xFE, 0x00, 0x01, 0xFF, 0xF0, 0x00, 0x00, 0x00, 0x0F, 0xFF, 0xFE, 0x00, 0x00, 0x00,
    0x3F, 0xFF, 0xFF, 0x80, 0x00, 0x00, 0x7F, 0xFF, 0xFF, 0xC0, 0x00, 0x00, 0xFF, 0xFF, 0xFF, 0xE0,
    0x00, 0x01, 0xFF, 0xFF, 0xFF, 0xF0, 0x00, 0x03, 0xFF, 0xFF, 0xFF, 0xF8, 0x00, 0x07, 0xFF, 0xFF,
    0xFF, 0xFC, 0x00, 0x0F, 0xFF, 0x80, 0x1F, 0xFE, 0x00, 0x0F, 0xFE, 0x00, 0x07, 0xFF, 0x00, 0x1F,
    0xF8, 0x00, 0x03, 0xFF, 0x00, 0x1F, 0xF0, 0x00, 0x01, 0xFF, 0x80, 0x3F, 0xF0, 0x00, 0x00, 0xFF,
    0x80, 0x3F, 0xE0, 0x00, 0x00, 0xFF, 0x80, 0x7F, 0xC0, 0x00, 0x00, 0x7F, 0xC0, 0x7F, 0xC0, 0x00,
    0x00, 0x7F, 0xC0, 0x7F, 0xC0, 0x00, 0x00, 0x3F, 0xC0, 0x7F, 0x80, 0x00, 0x00, 0x3F, 0xC0, 0x7F,
    0x80, 0x00, 0x00, 0x3F, 0xE0, 0xFF, 0x80, 0x00, 0x00, 0x3F, 0xE0, 0xFF, 0x80, 0x00, 0x00, 0x3F,
    0xE0, 0xFF, 0x80, 0x00, 0x00, 0x3F, 0xE0, 0xFF, 0x80, 0x00, 0x00, 0x3F, 0xE0, 0xFF, 0x80, 0x00,
    0x00, 0x1F, 0xE0, 0xFF, 0x80, 0x00, 0x00, 0x3F, 0xE0, 0xFF, 0x80, 0x00, 0x00, 0x3F, 0xE0, 0xFF,
    0x80, 0x00, 0x00, 0x3F, 0xE0, 0xFF, 0x80, 0x00, 0x00, 0x3F, 0xE0, 0x7F, 0x80, 0x00, 0x00, 0x3F,
    0xE0, 0x7F, 0x80, 0x00, 0x00, 0x3F, 0xC0, 0x7F, 0xC0, 0x00, 0x00, 0x3F, 0xC0, 0x7F, 0xC0, 0x00,
    0x00, 0x7F, 0xC0, 0x7F, 0xC0, 0x00, 0x00, 0x7F, 0xC0, 0x3F, 0xE0, 0x00, 0x00, 0xFF, 0x80, 0x3F,
    0xF0, 0x00, 0x00, 0xFF, 0x80, 0x1F, 0xF0, 0x00, 0x01, 0xFF, 0x80, 0x1F, 0xF8, 0x00, 0x03, 0xFF,
    0x00, 0x0F, 0xFE, 0x00, 0x07, 0xFF, 0x00, 0x0F, 0xFF, 0x80, 0x1F, 0xFE, 0x00, 0x07, 0xFF, 0xFF,
    0xFF, 0xFC, 0x00, 0x03, 0xFF, 0xFF, 0xFF, 0xF8, 0x00, 0x01, 0xFF, 0xFF, 0xFF, 0xF8, 0x00, 0x00,
    0xFF, 0xFF, 0xFF, 0xE0, 0x00, 0x00, 0x7F, 0xFF, 0xFF, 0xC0, 0x00, 0x00, 0x3F, 0xFF, 0xFF, 0x80,
    0x00, 0x00, 0x0F, 0xFF, 0xFE, 0x00, 0x00, 0x00, 0x01, 0xFF, 0xF0, 0x00, 0x00, 0xFF, 0xFF, 0xFC,
    0x00, 0x00, 0xFF, 0xFF, 0xFF, 0x80, 0x00, 0xFF, 0xFF, 0xFF, 0xE0, 0x00, 0xFF, 0xFF, 0xFF, 0xF0,
    0x00, 0xFF, 0xFF, 0xFF, 0xF8, 0x00, 0xFF, 0xFF, 0xFF, 0xFC, 0x00, 0xFF, 0xFF, 0xFF, 0xFE, 0x00,
    0xFF, 0x00, 0x0F, 0xFF, 0x00, 0xFF, 0x00, 0x03, 0xFF, 0x00, 0xFF, 0x00, 0x01, 0xFF, 0x80, 0xFF,
    0x00, 0x00, 0xFF, 0x80, 0xFF, 0x00, 0x00, 0xFF, 0x80, 0xFF, 0x00, 0x00, 0x7F, 0x80, 0xFF, 0x00,
    0x00, 0x7F, 0x80, 0xFF, 0x00, 0x00, 0x7F, 0x80, 0xFF, 0x00, 0x00, 0x7F, 0x80, 0xFF, 0x00, 0x00,
    0x7F, 0x80, 0xFF, 0x00, 0x00, 0x7F, 0x80, 0xFF, 0x00, 0x00, 0xFF, 0x80, 0xFF, 0x00, 0x00, 0xFF,
    0x80, 0xFF, 0x00, 0x00, 0xFF, 0x80, 0xFF, 0x00, 0x01, 0xFF, 0x00, 0xFF, 0x00, 0x03, 0xFF, 0x00,
    0xFF, 0x00, 0x0F, 0xFE, 0x00, 0xFF, 0xFF, 0xFF, 0xFE, 0x00, 0xFF, 0xFF, 0xFF, 0xFC, 0x00, 0xFF,
    0xFF, 0xFF, 0xF8, 0x00, 0xFF, 0xFF, 0xFF, 0xF0, 0x00, 0xFF, 0xFF, 0xFF, 0xC0, 0x00, 0xFF, 0xFF,
    0xFF, 0x00, 0x00, 0xFF, 0xFF, 0xF0, 0x00, 0x00, 0xFF, 0x00, 0x00, 0x00, 0x00, 0xFF, 0x00, 0x00,
    0x00, 0x00, 0xFF, 0x00, 0x00, 0x00, 0x00, 0xFF, 0x00, 0x00, 0x00, 0x00, 0xFF, 0x00, 0x00, 0x00,
    0x00, 0xFF, 0x00, 0x00, 0x00, 0x00, 0xFF, 0x00, 0x00, 0x00, 0x00, 0xFF, 0x00, 0x00, 0x00, 0x00,
    0xFF, 0x00, 0x00, 0x00, 0x00, 0xFF, 0x00, 0x00, 0x00, 0x00, 0xFF, 0x00, 0x00, 0x00, 0x00, 0xFF,
    0x00, 0x00, 0x00, 0x00, 0xFF, 0x00, 0x00, 0x00, 0x00, 0xFF, 0x00, 0x00, 0x00, 0x00, 0xFF, 0x00,
    0x00, 0x00, 0x00, 0xFF, 0x00, 0x00, 0x00, 0x00, 0x00, 0x01, 0xFF, 0xF0, 0x00, 0x00, 0x00, 0x0F,
    0xFF, 0xFE, 0x00, 0x00, 0x00, 0x3F, 0xFF, 0xFF, 0x80, 0x00, 0x00, 0x7F, 0xFF, 0xFF, 0xC0, 0x00,
    0x00, 0xFF, 0xFF, 0xFF, 0xE0, 0x00, 0x01, 0xFF, 0xFF, 0xFF, 0xF8, 0x00, 0x03, 0xFF, 0xFF, 0xFF,
    0xF8, 0x00, 0x07, 0xFF, 0xFF, 0xFF, 0xFC, 0x00, 0x0F, 0xFF, 0x80, 0x1F, 0xFE, 0x00, 0x0F, 0xFE,
    0x00, 0x07, 0xFF, 0x00, 0x1F, 0xF8, 0x00, 0x03, 0xFF, 0x00, 0x1F, 0xF0, 0x00, 0x01, 0xFF, 0x80,
    0x3F, 0xF0, 0x00, 0x00, 0xFF, 0x80, 0x3F, 0xE0, 0x00, 0x00, 0xFF, 0x80, 0x7F, 0xC0, 0x00, 0x00,
    0x7F, 0xC0, 0x7F, 0xC0, 0x00, 0x00, 0x7F, 0xC0, 0x7F, 0xC0, 0x00, 0x00, 0x3F, 0xC0, 0x7F, 0x80,
    0x00, 0x00, 0x3F, 0xC0, 0x7F, 0x80, 0x00, 0x00, 0x3F, 0xE0, 0xFF, 0x80, 0x00, 0x00, 0x3F, 0xE0,
    0xFF, 0x80, 0x00, 0x00, 0x3F, 0xE0, 0xFF, 0x80, 0x00, 0x00, 0x3F, 0xE0, 0xFF, 0x80, 0x00, 0x00,
    0x3F, 0xE0, 0xFF, 0x80, 0x00, 0x00, 0x1F, 0xE0, 0xFF, 0x80, 0x00, 0x00, 0x1F, 0xE0, 0xFF, 0x80,
    0x00, 0x00, 0x3F, 0xE0, 0xFF, 0x80, 0x00, 0x00, 0x3F, 0xE0, 0xFF, 0x80, 0x00, 0x00, 0x3F, 0xE0,
    0x7F, 0x80, 0x00, 0x00, 0x3F, 0xE0, 0x7F, 0x80, 0x00, 0x00, 0x3F, 0xC0, 0x7F, 0xC0, 0x00, 0x00,
    0x3F, 0xC0, 0x7F, 0xC0, 0x1F, 0xE0, 0x7F, 0xC0, 0x7F, 0xC0, 0x0F, 0xF0, 0x7F, 0xC0, 0x3F, 0xE0,
    0x07, 0xF0, 0xFF, 0x80, 0x3F, 0xF0, 0x03, 0xF8, 0xFF, 0x80, 0x1F, 0xF0, 0x03, 0xFD, 0xFF, 0x00,
    0x1F, 0xF8, 0x01, 0xFF, 0xFF, 0x00, 0x0F, 0xFE, 0x00, 0xFF, 0xFE, 0x00, 0x0F, 0xFF, 0x80, 0x7F,
    0xFE, 0x00, 0x07, 0xFF, 0xFF, 0xFF, 0xFC, 0x00, 0x03, 0xFF, 0xFF, 0xFF, 0xF8, 0x00, 0x01, 0xFF,
    0xFF, 0xFF, 0xF0, 0x00, 0x00, 0xFF, 0xFF, 0xFF, 0xF0, 0x00, 0x00, 0x7F, 0xFF, 0xFF, 0xF0, 0x00,
    0x00, 0x3F, 0xFF, 0xFF, 0xF8, 0x00, 0x00, 0x0F, 0xFF, 0xFF, 0xFC, 0x00, 0x00, 0x01, 0xFF, 0xF3,
    0xFE, 0x00, 0x00, 0x00, 0x00, 0x01, 0xFE, 0x00, 0x00, 0x00, 0x00, 0x00, 0xFF, 0x00, 0x00, 0x00,
    0x00, 0x00, 0x7F, 0x80, 0x00, 0x00, 0x00, 0x00, 0x3F, 0x80, 0xFF, 0xFF, 0xFC, 0x00, 0x00, 0xFF,
    0xFF, 0xFF, 0x80, 0x00, 0xFF, 0xFF, 0xFF, 0xE0, 0x00, 0xFF, 0xFF, 0xFF, 0xF8, 0x00, 0xFF, 0xFF,
    0xFF, 0xFC, 0x00, 0xFF, 0xFF, 0xFF, 0xFC, 0x00, 0xFF, 0xFF, 0xFF, 0xFE, 0x00, 0xFF, 0x00, 0x07,
    0xFF, 0x00, 0xFF, 0x00, 0x03, 0xFF, 0x00, 0xFF, 0x00, 0x01, 0xFF, 0x80, 0xFF, 0x00, 0x00, 0xFF,
    0x80, 0xFF, 0x00, 0x00, 0xFF, 0x80, 0xFF, 0x00, 0x00, 0x7F, 0x80, 0xFF, 0x00, 0x00, 0x7F, 0x80,
    0xFF, 0x00, 0x00, 0x7F, 0x80, 0xFF, 0x00, 0x00, 0x7F, 0x80, 0xFF, 0x00, 0x00, 0x7F, 0x80, 0xFF,
    0x00, 0x00, 0x7F, 0x80, 0xFF, 0x00, 0x00, 0xFF, 0x80, 0xFF, 0x00, 0x00, 0xFF, 0x80, 0xFF, 0x00,
    0x01, 0xFF, 0x80, 0xFF, 0x00, 0x03, 0xFF, 0x00, 0xFF, 0x00, 0x0F, 0xFF, 0x00, 0xFF, 0xFF, 0xFF,
    0xFE, 0x00, 0xFF, 0xFF, 0xFF, 0xFC, 0x00, 0xFF, 0xFF, 0xFF, 0xFC, 0x00, 0xFF, 0xFF, 0xFF, 0xF0,
    0x00, 0xFF, 0xFF, 0xFF, 0xE0, 0x00, 0xFF, 0xFF, 0xFF, 0x80, 0x00, 0xFF, 0xFF, 0xFF, 0xC0, 0x00,
    0xFF, 0x00, 0x7F, 0xC0, 0x00, 0xFF, 0x00, 0x3F, 0xE0, 0x00, 0xFF, 0x00, 0x3F, 0xE0, 0x00, 0xFF,
    0x00, 0x1F, 0xF0, 0x00, 0xFF, 0x00, 0x1F, 0xF0, 0x00, 0xFF, 0x00, 0x0F, 0xF8, 0x00, 0xFF, 0x00,
    0x0F, 0xFC, 0x00, 0xFF, 0x00, 0x07, 0xFC, 0x00, 0xFF, 0x00, 0x07, 0xFE, 0x00, 0xFF, 0x00, 0x03,
    0xFE, 0x00, 0xFF, 0x00, 0x03, 0xFF, 0x00, 0xFF, 0x00, 0x01, 0xFF, 0x00, 0xFF, 0x00, 0x01, 0xFF,
    0x80, 0xFF, 0x00, 0x00, 0xFF, 0x80, 0xFF, 0x00, 0x00, 0x7F, 0xC0, 0xFF, 0x00, 0x00, 0x7F, 0xC0,
    0xFF, 0x00, 0x00, 0x3F, 0xE0, 0x00, 0x0F, 0xFF, 0x80, 0x00, 0x00, 0x7F, 0xFF, 0xF0, 0x00, 0x01,
    0xFF, 0xFF, 0xF8, 0x00, 0x03, 0xFF, 0xFF, 0xFE, 0x00, 0x07, 0xFF, 0xFF, 0xFF, 0x00, 0x0F, 0xFF,
    0xFF, 0xFF, 0x00, 0x1F, 0xFE, 0x07, 0xFF, 0x80, 0x1F, 0xF8, 0x00, 0xFF, 0xC0, 0x3F, 0xE0, 0x00,
    0x7F, 0xC0, 0x3F, 0xE0, 0x00, 0x3F, 0xE0, 0x3F, 0xC0, 0x00, 0x3F, 0xE0, 0x7F, 0xC0, 0x00, 0x1F,
    0xE0, 0x7F, 0xC0, 0x00, 0x1F, 0xE0, 0x7F, 0xC0, 0x00, 0x00, 0x00, 0x7F, 0xC0, 0x00, 0x00, 0x00,
    0x7F, 0xE0, 0x00, 0x00, 0x00, 0x3F, 0xF0, 0x00, 0x00, 0x00, 0x3F, 0xF8, 0x00, 0x00, 0x00, 0x3F,
    0xFF, 0x00, 0x00, 0x00, 0x1F, 0xFF, 0xE0, 0x00, 0x00, 0x1F, 0xFF, 0xFE, 0x00, 0x00, 0x0F, 0xFF,
    0xFF, 0xC0, 0x00, 0x07, 0xFF, 0xFF, 0xF0, 0x00, 0x01, 0xFF, 0xFF, 0xFC, 0x00, 0x00, 0x7F, 0xFF,
    0xFE, 0x00, 0x00, 0x1F, 0xFF, 0xFF, 0x00, 0x00, 0x03, 0xFF, 0xFF, 0x80, 0x00, 0x00, 0x3F, 0xFF,
    0xC0, 0x00, 0x00, 0x07, 0xFF, 0xE0, 0x00, 0x00, 0x00, 0xFF, 0xE0, 0x00, 0x00, 0x00, 0x7F, 0xE0,
    0x00, 0x00, 0x00, 0x3F, 0xE0, 0x00, 0x00, 0x00, 0x1F, 0xF0, 0x00, 0x00, 0x00, 0x1F, 0xF0, 0xFF,
    0x00, 0x00, 0x1F, 0xF0, 0xFF, 0x80, 0x00, 0x1F, 0xF0, 0xFF, 0x80, 0x00, 0x1F, 0xE0, 0x7F, 0x80,
    0x00, 0x3F, 0xE0, 0x7F, 0xC0, 0x00, 0x3F, 0xE0, 0x7F, 0xE0, 0x00, 0xFF, 0xE0, 0x3F, 0xF8, 0x01,
    0xFF, 0xC0, 0x3F, 0xFF, 0xFF, 0xFF, 0x80, 0x1F, 0xFF, 0xFF, 0xFF, 0x80, 0x0F, 0xFF, 0xFF, 0xFF,
    0x00, 0x07, 0xFF, 0xFF, 0xFC, 0x00, 0x01, 0xFF, 0xFF, 0xF8, 0x00, 0x00, 0x7F, 0xFF, 0xE0, 0x00,
    0x00, 0x07, 0xFE, 0x00, 0x00, 0xFF, 0xFF, 0xFF, 0xFF, 0xF8, 0xFF, 0xFF, 0xFF, 0xFF, 0xF8, 0xFF,
    0xFF, 0xFF, 0xFF, 0xF8, 0xFF, 0xFF, 0xFF, 0xFF, 0xF8, 0xFF, 0xFF, 0xFF, 0xFF, 0xF8, 0xFF, 0xFF,
    0xFF, 0xFF, 0xF8, 0xFF, 0xFF, 0xFF, 0xFF, 0xF0, 0x00, 0x03, 0xFC, 0x00, 0x00, 0x00, 0x03, 0xFC,
    0x00, 0x00, 0x00, 0x03, 0xFC, 0x00, 0x00, 0x00, 0x03, 0xFC, 0x00, 0x00, 0x00, 0x03, 0xFC, 0x00,
    0x00, 0x00, 0x03, 0xFC, 0x00, 0x00, 0x00, 0x03, 0xFC, 0x00, 0x00, 0x00, 0x03, 0xFC, 0x00, 0x00,
    0x00, 0x03, 0xFC, 0x00, 0x00, 0x00, 0x03, 0xFC, 0x00, 0x00, 0x00, 0x03, 0xFC, 0x00, 0x00, 0x00,
    0x03, 0xFC, 0x00, 0x00, 0x00, 0x03, 0xFC, 0x00, 0x00, 0x00, 0x03, 0xFC, 0x00, 0x00, 0x00, 0x03,
    0xFC, 0x00, 0x00, 0x00, 0x03, 0xFC, 0x00, 0x00, 0x00, 0x03, 0xFC, 0x00, 0x00, 0x00, 0x03, 0xFC,
    0x00, 0x00, 0x00, 0x03, 0xFC, 0x00, 0x00, 0x00, 0x03, 0xFC, 0x00, 0x00, 0x00, 0x03, 0xFC, 0x00,
    0x00, 0x00, 0x03, 0xFC, 0x00, 0x00, 0x00, 0x03, 0xFC, 0x00, 0x00, 0x00, 0x03, 0xFC, 0x00, 0x00,
    0x00, 0x03, 0xFC, 0x00, 0x00, 0x00, 0x03, 0xFC, 0x00, 0x00, 0x00, 0x03, 0xFC, 0x00, 0x00, 0x00,
    0x03, 0xFC, 0x00, 0x00, 0x00, 0x03, 0xFC, 0x00, 0x00, 0x00, 0x03, 0xFC, 0x00, 0x00, 0x00, 0x03,
    0xFC, 0x00, 0x00, 0x00, 0x03, 0xFC, 0x00, 0x00, 0x00, 0x03, 0xFC, 0x00, 0x00, 0x00, 0x03, 0xFC,
    0x00, 0x00, 0x00, 0x03, 0xFC, 0x00, 0x00, 0x00, 0x03, 0xFC, 0x00, 0x00, 0x00, 0x03, 0xFC, 0x00,
    0x00, 0x00, 0x03, 0xFC, 0x00, 0x00, 0x00, 0x03, 0xFC, 0x00, 0x00, 0x00, 0x03, 0xFC, 0x00, 0x00,
    0xFF, 0x00, 0x00, 0x07, 0xF8, 0xFF, 0x00, 0x00, 0x07, 0xF8, 0xFF, 0x00, 0x00, 0x07, 0xF8, 0xFF,
    0x00, 0x00, 0x07, 0xF8, 0xFF, 0x00, 0x00, 0x07, 0xF8, 0xFF, 0x00, 0x00, 0x07, 0xF8, 0xFF, 0x00,
    0x00, 0x07, 0xF8, 0xFF, 0x00, 0x00, 0x07, 0xF8, 0xFF, 0x00, 0x00, 0x07, 0xF8, 0xFF, 0x00, 0x00,
    0x07, 0xF8, 0xFF, 0x00, 0x00, 0x07, 0xF8, 0xFF, 0x00, 0x00, 0x07, 0xF8, 0xFF, 0x00, 0x00, 0x07,
    0xF8, 0xFF, 0x00, 0x00, 0x07, 0xF8, 0xFF, 0x00, 0x00, 0x07, 0xF8, 0xFF, 0x00, 0x00, 0x07, 0xF8,
    0xFF, 0x00, 0x00, 0x07, 0xF8, 0xFF, 0x00, 0x00, 0x07, 0xF8, 0xFF, 0x00, 0x00, 0x07, 0xF8, 0xFF,
    0x00, 0x00, 0x07, 0xF8, 0xFF, 0x00, 0x00, 0x07, 0xF8, 0xFF, 0x00, 0x00, 0x07, 0xF8, 0xFF, 0x00,
    0x00, 0x07, 0xF8, 0xFF, 0x00, 0x00, 0x07, 0xF8, 0xFF, 0x00, 0x00, 0x07, 0xF8, 0xFF, 0x00, 0x00,
    0x07, 0xF8, 0xFF, 0x00, 0x00, 0x07, 0xF8, 0xFF, 0x00, 0x00, 0x07, 0xF8, 0xFF, 0x00, 0x00, 0x07,
    0xF8, 0xFF, 0x00, 0x00, 0x07, 0xF8, 0xFF, 0x00, 0x00, 0x07, 0xF8, 0xFF, 0x00, 0x00, 0x07, 0xF8,
    0xFF, 0x00, 0x00, 0x07, 0xF8, 0xFF, 0x80, 0x00, 0x0F, 0xF8, 0xFF, 0x80, 0x00, 0x0F, 0xF8, 0xFF,
    0xC0, 0x00, 0x1F, 0xF8, 0x7F, 0xE0, 0x00, 0x3F, 0xF0, 0x7F, 0xF0, 0x00, 0x7F, 0xF0, 0x3F, 0xFC,
    0x01, 0xFF, 0xF0, 0x3F, 0xFF, 0xFF, 0xFF, 0xE0, 0x1F, 0xFF, 0xFF, 0xFF, 0xC0, 0x0F, 0xFF, 0xFF,
    0xFF, 0x80, 0x07, 0xFF, 0xFF, 0xFF, 0x80, 0x03, 0xFF, 0xFF, 0xFE, 0x00, 0x01, 0xFF, 0xFF, 0xFC,
    0x00, 0x00, 0x7F, 0xFF, 0xF0, 0x00, 0x00, 0x0F, 0xFF, 0xC0, 0x00, 0xFF, 0x80, 0x00, 0x00, 0x3F,
    0xE0, 0xFF, 0x80, 0x00, 0x00, 0x7F, 0xE0, 0xFF, 0xC0, 0x00, 0x00, 0x7F, 0xC0, 0x7F, 0xC0, 0x00,
    0x00, 0x7F, 0xC0, 0x7F, 0xC0, 0x00, 0x00, 0xFF, 0x80, 0x3F, 0xE0, 0x00, 0x00, 0xFF, 0x80, 0x3F,
    0xE0, 0x00, 0x00, 0xFF, 0x80, 0x3F, 0xE0, 0x00, 0x01, 0xFF, 0x00, 0x1F, 0xF0, 0x00, 0x01, 0xFF,
    0x00, 0x1F, 0xF0, 0x00, 0x01, 0xFF, 0x00, 0x1F, 0xF0, 0x00, 0x03, 0xFE, 0x00, 0x0F, 0xF8, 0x00,
    0x03, 0xFE, 0x00, 0x0F, 0xF8, 0x00, 0x03, 0xFE, 0x00, 0x0F, 0xF8, 0x00, 0x07, 0xFC, 0x00, 0x07,
    0xFC, 0x00, 0x07, 0xFC, 0x00, 0x07, 0xFC, 0x00, 0x07, 0xFC, 0x00, 0x07, 0xFC, 0x00, 0x07, 0xF8,
    0x00, 0x03, 0xFE, 0x00, 0x0F, 0xF8, 0x00, 0x03, 0xFE, 0x00, 0x0F, 0xF8, 0x00, 0x03, 0xFE, 0x00,
    0x0F, 0xF0, 0x00, 0x01, 0xFF, 0x00, 0x1F, 0xF0, 0x00, 0x01, 0xFF, 0x00, 0x1F, 0xF0, 0x00, 0x00,
    0xFF, 0x00, 0x1F, 0xE0, 0x00, 0x00, 0xFF, 0x80, 0x3F, 0xE0, 0x00, 0x00, 0xFF, 0x80, 0x3F, 0xE0,
    0x00, 0x00, 0x7F, 0x80, 0x3F, 0xC0, 0x00, 0x00, 0x7F, 0xC0, 0x7F, 0xC0, 0x00, 0x00, 0x7F, 0xC0,
    0x7F, 0x80, 0x00, 0x00, 0x3F, 0xC0, 0x7F, 0x80, 0x00, 0x00, 0x3F, 0xC0, 0xFF, 0x80, 0x00, 0x00,
    0x3F, 0xE0, 0xFF, 0x00, 0x00, 0x00, 0x1F, 0xE0, 0xFF, 0x00, 0x00, 0x00, 0x1F, 0xE0, 0xFF, 0x00,
    0x00, 0x00, 0x1F, 0xF1, 0xFE, 0x00, 0x00, 0x00, 0x0F, 0xF1, 0xFE, 0x00, 0x00, 0x00, 0x0F, 0xF1,
    0xFE, 0x00, 0x00, 0x00, 0x0F, 0xF3, 0xFC, 0x00, 0x00, 0x00, 0x07, 0xFB, 0xFC, 0x00, 0x00, 0x00,
    0x07, 0xFB, 0xFC, 0x00, 0x00, 0x00, 0x03, 0xFF, 0xF8, 0x00, 0x00, 0x00, 0x03, 0xFF, 0xF8, 0x00,
    0x00, 0x00, 0x03, 0xFF, 0xF8, 0x00, 0x00, 0x00, 0x01, 0xFF, 0xF0, 0x00, 0x00, 0x00, 0x01, 0xFF,
    0xF0, 0x00, 0x00, 0x00, 0x01, 0xFF, 0xF0, 0x00, 0x00, 0x00, 0x00, 0xFF, 0xE0, 0x00, 0x00, 0x00,
    0x00, 0xFF, 0xE0, 0x00, 0x00, 0xFF, 0x80, 0x00, 0x3F, 0xE0, 0x00, 0x07, 0xFC, 0xFF, 0x80, 0x00,
    0x3F, 0xE0, 0x00, 0x0F, 0xF8, 0xFF, 0x80, 0x00, 0x3F, 0xF0, 0x00, 0x0F, 0xF8, 0xFF, 0x80, 0x00,
    0x7F, 0xF0, 0x00, 0x0F, 0xF8, 0x7F, 0xC0, 0x00, 0x7F, 0xF0, 0x00, 0x0F, 0xF8, 0x7F, 0xC0, 0x00,
    0x7F, 0xF0, 0x00, 0x1F, 0xF0, 0x7F, 0xC0, 0x00, 0x7F, 0xF8, 0x00, 0x1F, 0xF0, 0x3F, 0xC0, 0x00,
    0xFF, 0xF8, 0x00, 0x1F, 0xF0, 0x3F, 0xE0, 0x00, 0xFF, 0xF8, 0x00, 0x1F, 0xE0, 0x3F, 0xE0, 0x00,
    0xFF, 0xF8, 0x00, 0x3F, 0xE0, 0x3F, 0xE0, 0x00, 0xFF, 0xFC, 0x00, 0x3F, 0xE0, 0x1F, 0xE0, 0x01,
    0xFF, 0xFC, 0x00, 0x3F, 0xE0, 0x1F, 0xF0, 0x01, 0xFD, 0xFC, 0x00, 0x3F, 0xC0, 0x1F, 0xF0, 0x01,
    0xFD, 0xFC, 0x00, 0x7F, 0xC0, 0x1F, 0xF0, 0x01, 0xFD, 0xFE, 0x00, 0x7F, 0xC0, 0x0F, 0xF0, 0x03,
    0xFC, 0xFE, 0x00, 0x7F, 0xC0, 0x0F, 0xF8, 0x03, 0xFC, 0xFE, 0x00, 0x7F, 0x80, 0x0F, 0xF8, 0x03,
    0xF8, 0xFE, 0x00, 0x7F, 0x80, 0x07, 0xF8, 0x03, 0xF8, 0xFF, 0x00, 0xFF, 0x80, 0x07, 0xF8, 0x07,
    0xF8, 0xFF, 0x00, 0xFF, 0x00, 0x07, 0xF8, 0x07, 0xF8, 0x7F, 0x00, 0xFF, 0x00, 0x07, 0xFC, 0x07,
    0xF0, 0x7F, 0x00, 0xFF, 0x00, 0x03, 0xFC, 0x07, 0xF0, 0x7F, 0x81, 0xFF, 0x00, 0x03, 0xFC, 0x0F,
    0xF0, 0x7F, 0x81, 0xFE, 0x00, 0x03, 0xFC, 0x0F, 0xF0, 0x3F, 0x81, 0xFE, 0x00, 0x03, 0xFE, 0x0F,
    0xE0, 0x3F, 0x81, 0xFE, 0x00, 0x01, 0xFE, 0x0F, 0xE0, 0x3F, 0xC3, 0xFE, 0x00, 0x01, 0xFE, 0x1F,
    0xE0, 0x3F, 0xC3, 0xFC, 0x00, 0x01, 0xFE, 0x1F, 0xE0, 0x1F, 0xC3, 0xFC, 0x00, 0x01, 0xFF, 0x1F,
    0xC0, 0x1F, 0xC3, 0xFC, 0x00, 0x00, 0xFF, 0x1F, 0xC0, 0x1F, 0xE3, 0xFC, 0x00, 0x00, 0xFF, 0x1F,
    0xC0, 0x1F, 0xE7, 0xF8, 0x00, 0x00, 0xFF, 0x3F, 0xC0, 0x0F, 0xE7, 0xF8, 0x00, 0x00, 0x7F, 0x3F,
    0x80, 0x0F, 0xE7, 0xF8, 0x00, 0x00, 0x7F, 0x3F, 0x80, 0x0F, 0xE7, 0xF0, 0x00, 0x00, 0x7F, 0xBF,
    0x80, 0x07, 0xE7, 0xF0, 0x00, 0x00, 0x7F, 0xBF, 0x00, 0x07, 0xFF, 0xF0, 0x00, 0x00, 0x3F, 0xFF,
    0x00, 0x07, 0xFF, 0xF0, 0x00, 0x00, 0x3F, 0xFF, 0x00, 0x07, 0xFF, 0xE0, 0x00, 0x00, 0x3F, 0xFF,
    0x00, 0x03, 0xFF, 0xE0, 0x00, 0x00, 0x3F, 0xFE, 0x00, 0x03, 0xFF, 0xE0, 0x00, 0x00, 0x1F, 0xFE,
    0x00, 0x03, 0xFF, 0xE0, 0x00, 0x00, 0x1F, 0xFE, 0x00, 0x03, 0xFF, 0xC0, 0x00, 0x00, 0x1F, 0xFE,
    0x00, 0x01, 0xFF, 0xC0, 0x00, 0x00, 0x1F, 0xFC, 0x00, 0x01, 0xFF, 0xC0, 0x00, 0x00, 0x0F, 0xFC,
    0x00, 0x01, 0xFF, 0xC0, 0x00, 0x00, 0x0F, 0xFC, 0x00, 0x01, 0xFF, 0x80, 0x00, 0x7F, 0xE0, 0x00,
    0x01, 0xFF, 0x80, 0x3F, 0xF0, 0x00, 0x01, 0xFF, 0x00, 0x1F, 0xF0, 0x00, 0x03, 0xFF, 0x00, 0x1F,
    0xF8, 0x00, 0x07, 0xFE, 0x00, 0x0F, 0xFC, 0x00, 0x07, 0xFC, 0x00, 0x07, 0xFC, 0x00, 0x0F, 0xFC,
    0x00, 0x07, 0xFE, 0x00, 0x1F, 0xF8, 0x00, 0x03, 0xFF, 0x00, 0x1F, 0xF0, 0x00, 0x01, 0xFF, 0x00,
    0x3F, 0xF0, 0x00, 0x01, 0xFF, 0x80, 0x7F, 0xE0, 0x00, 0x00, 0xFF, 0x80, 0x7F, 0xC0, 0x00, 0x00,
    0x7F, 0xC0, 0xFF, 0xC0, 0x00, 0x00, 0x7F, 0xE0, 0xFF, 0x80, 0x00, 0x00, 0x3F, 0xE1, 0xFF, 0x00,
    0x00, 0x00, 0x1F, 0xF1, 0xFE, 0x00, 0x00, 0x00, 0x1F, 0xF3, 0xFE, 0x00, 0x00, 0x00, 0x0F, 0xFB,
    0xFC, 0x00, 0x00, 0x00, 0x07, 0xFF, 0xF8, 0x00, 0x00, 0x00, 0x07, 0xFF, 0xF8, 0x00, 0x00, 0x00,
    0x03, 0xFF, 0xF0, 0x00, 0x00, 0x00, 0x01, 0xFF, 0xE0, 0x00, 0x00, 0x00, 0x01, 0xFF, 0xE0, 0x00,
    0x00, 0x00, 0x00, 0xFF, 0xC0, 0x00, 0x00, 0x00, 0x00, 0xFF, 0xC0, 0x00, 0x00, 0x00, 0x01, 0xFF,
    0xE0, 0x00, 0x00, 0x00, 0x01, 0xFF, 0xF0, 0x00, 0x00, 0x00, 0x03, 0xFF, 0xF0, 0x00, 0x00, 0x00,
    0x07, 0xFF, 0xF8, 0x00, 0x00, 0x00, 0x07, 0xFF, 0xFC, 0x00, 0x00, 0x00, 0x0F, 0xFF, 0xFC, 0x00,
    0x00, 0x00, 0x1F, 0xF3, 0xFE, 0x00, 0x00, 0x00, 0x1F, 0xF3, 0xFF, 0x00, 0x00, 0x00, 0x3F, 0xE1,
    0xFF, 0x00, 0x00, 0x00, 0x7F, 0xC0, 0xFF, 0x80, 0x00, 0x00, 0xFF, 0xC0, 0xFF, 0xC0, 0x00, 0x00,
    0xFF, 0x80, 0x7F, 0xE0, 0x00, 0x01, 0xFF, 0x00, 0x3F, 0xE0, 0x00, 0x03, 0xFF, 0x00, 0x3F, 0xF0,
    0x00, 0x03, 0xFE, 0x00, 0x1F, 0xF8, 0x00, 0x07, 0xFC, 0x00, 0x0F, 0xF8, 0x00, 0x0F, 0xFC, 0x00,
    0x0F, 0xFC, 0x00, 0x0F, 0xF8, 0x00, 0x07, 0xFE, 0x00, 0x1F, 0xF0, 0x00, 0x03, 0xFE, 0x00, 0x3F,
    0xF0, 0x00, 0x03, 0xFF, 0x00, 0x7F, 0xE0, 0x00, 0x01, 0xFF, 0x80, 0x7F, 0xC0, 0x00, 0x00, 0xFF,
    0x80, 0xFF, 0xC0, 0x00, 0x00, 0xFF, 0xC0, 0xFF, 0xC0, 0x00, 0x00, 0xFF, 0xC0, 0xFF, 0xC0, 0x00,
    0x00, 0xFF, 0x80, 0x7F, 0xE0, 0x00, 0x01, 0xFF, 0x80, 0x3F, 0xE0, 0x00, 0x03, 0xFF, 0x00, 0x3F,
    0xF0, 0x00, 0x03, 0xFE, 0x00, 0x1F, 0xF0, 0x00, 0x07, 0xFE, 0x00, 0x1F, 0xF8, 0x00, 0x07, 0xFC,
    0x00, 0x0F, 0xF8, 0x00, 0x0F, 0xFC, 0x00, 0x07, 0xFC, 0x00, 0x0F, 0xF8, 0x00, 0x07, 0xFE, 0x00,
    0x1F, 0xF8, 0x00, 0x03, 0xFE, 0x00, 0x1F, 0xF0, 0x00, 0x03, 0xFF, 0x00, 0x3F, 0xE0, 0x00, 0x01,
    0xFF, 0x00, 0x3F, 0xE0, 0x00, 0x00, 0xFF, 0x80, 0x7F, 0xC0, 0x00, 0x00, 0xFF, 0x80, 0xFF, 0xC0,
    0x00, 0x00, 0x7F, 0xC0, 0xFF, 0x80, 0x00, 0x00, 0x7F, 0xC1, 0xFF, 0x00, 0x00, 0x00, 0x3F, 0xE1,
    0xFF, 0x00, 0x00, 0x00, 0x1F, 0xE3, 0xFE, 0x00, 0x00, 0x00, 0x1F, 0xF3, 0xFE, 0x00, 0x00, 0x00,
    0x0F, 0xF3, 0xFC, 0x00, 0x00, 0x00, 0x0F, 0xFF, 0xF8, 0x00, 0x00, 0x00, 0x07, 0xFF, 0xF8, 0x00,
    0x00, 0x00, 0x03, 0xFF, 0xF0, 0x00, 0x00, 0x00, 0x03, 0xFF, 0xF0, 0x00, 0x00, 0x00, 0x01, 0xFF,
    0xE0, 0x00, 0x00, 0x00, 0x01, 0xFF, 0xE0, 0x00, 0x00, 0x00, 0x00, 0xFF, 0xC0, 0x00, 0x00, 0x00,
    0x00, 0xFF, 0x80, 0x00, 0x00, 0x00, 0x00, 0x7F, 0x80, 0x00, 0x00, 0x00, 0x00, 0x7F, 0x80, 0x00,
    0x00, 0x00, 0x00, 0x7F, 0x80, 0x00, 0x00, 0x00, 0x00, 0x7F, 0x80, 0x00, 0x00, 0x00, 0x00, 0x7F,
    0x80, 0x00, 0x00, 0x00, 0x00, 0x7F, 0x80, 0x00, 0x00, 0x00, 0x00, 0x7F, 0x80, 0x00, 0x00, 0x00,
    0x00, 0x7F, 0x80, 0x00, 0x00, 0x00, 0x00, 0x7F, 0x80, 0x00, 0x00, 0x00, 0x00, 0x7F, 0x80, 0x00,
    0x00, 0x00, 0x00, 0x7F, 0x80, 0x00, 0x00, 0x00, 0x00, 0x7F, 0x80, 0x00, 0x00, 0x00, 0x00, 0x7F,
    0x80, 0x00, 0x00, 0x00, 0x00, 0x7F, 0x80, 0x00, 0x00, 0x00, 0x00, 0x7F, 0x80, 0x00, 0x00, 0x00,
    0x00, 0x7F, 0x80, 0x00, 0x00, 0x00, 0x00, 0x7F, 0x80, 0x00, 0x00, 0x00, 0x00, 0x7F, 0x80, 0x00,
    0x00, 0xFF, 0xFF, 0xFF, 0xFF, 0xC0, 0xFF, 0xFF, 0xFF, 0xFF, 0xC0, 0xFF, 0xFF, 0xFF, 0xFF, 0xC0,
    0xFF, 0xFF, 0xFF, 0xFF, 0xC0, 0xFF, 0xFF, 0xFF, 0xFF, 0xC0, 0xFF, 0xFF, 0xFF, 0xFF, 0xC0, 0xFF,
    0xFF, 0xFF, 0xFF, 0x80, 0x00, 0x00, 0x00, 0xFF, 0x00, 0x00, 0x00, 0x01, 0xFF, 0x00, 0x00, 0x00,
    0x03, 0xFE, 0x00, 0x00, 0x00, 0x07, 0xFC, 0x00, 0x00, 0x00, 0x07, 0xFC, 0x00, 0x00, 0x00, 0x0F,
    0xF8, 0x00, 0x00, 0x00, 0x1F, 0xF0, 0x00, 0x00, 0x00, 0x3F, 0xF0, 0x00, 0x00, 0x00, 0x3F, 0xE0,
    0x00, 0x00, 0x00, 0x7F, 0xC0, 0x00, 0x00, 0x00, 0xFF, 0xC0, 0x00, 0x00, 0x00, 0xFF, 0x80, 0x00,
    0x00, 0x01, 0xFF, 0x00, 0x00, 0x00, 0x03, 0xFF, 0x00, 0x00, 0x00, 0x03, 0xFE, 0x00, 0x00, 0x00,
    0x07, 0xFC, 0x00, 0x00, 0x00, 0x0F, 0xF8, 0x00, 0x00, 0x00, 0x0F, 0xF8, 0x00, 0x00, 0x00, 0x1F,
    0xF0, 0x00, 0x00, 0x00, 0x3F, 0xE0, 0x00, 0x00, 0x00, 0x3F, 0xE0, 0x00, 0x00, 0x00, 0x7F, 0xC0,
    0x00, 0x00, 0x00, 0xFF, 0x80, 0x00, 0x00, 0x00, 0xFF, 0x80, 0x00, 0x00, 0x01, 0xFF, 0x00, 0x00,
    0x00, 0x03, 0xFE, 0x00, 0x00, 0x00, 0x03, 0xFE, 0x00, 0x00, 0x00, 0x07, 0xFC, 0x00, 0x00, 0x00,
    0x0F, 0xF8, 0x00, 0x00, 0x00, 0x0F, 0xF0, 0x00, 0x00, 0x00, 0x1F, 0xF0, 0x00, 0x00, 0x00, 0x3F,
    0xE0, 0x00, 0x00, 0x00, 0x7F, 0xC0, 0x00, 0x00, 0x00, 0x7F, 0xFF, 0xFF, 0xFF, 0xC0, 0xFF, 0xFF,
    0xFF, 0xFF, 0xC0, 0xFF, 0xFF, 0xFF, 0xFF, 0xC0, 0xFF, 0xFF, 0xFF, 0xFF, 0xC0, 0xFF, 0xFF, 0xFF,
    0xFF, 0xC0, 0xFF, 0xFF, 0xFF, 0xFF, 0xC0, 0xFF, 0xFF, 0xFF, 0xFF, 0xC0, 0xFF, 0xFC, 0xFF, 0xFC,
    0xFF, 0xFC, 0xFF, 0xFC, 0xFF, 0xFC, 0xFF, 0xFC, 0xFF, 0xFC, 0xFF, 0x00, 0xFF, 0x00, 0xFF, 0x00,
    0xFF, 0x00, 0xFF, 0x00, 0xFF, 0x00, 0xFF, 0x00, 0xFF, 0x00, 0xFF, 0x00, 0xFF, 0x00, 0xFF, 0x00,
    0xFF, 0x00, 0xFF, 0x00, 0xFF, 0x00, 0xFF, 0x00, 0xFF, 0x00, 0xFF, 0x00, 0xFF, 0x00, 0xFF, 0x00,
    0xFF, 0x00, 0xFF, 0x00, 0xFF, 0x00, 0xFF, 0x00, 0xFF, 0x00, 0xFF, 0x00, 0xFF, 0x00, 0xFF, 0x00,
    0xFF, 0x00, 0xFF, 0x00, 0xFF, 0x00, 0xFF, 0x00, 0xFF, 0x00, 0xFF, 0x00, 0xFF, 0x00, 0xFF, 0x00,
    0xFF, 0x00, 0xFF, 0x00, 0xFF, 0x00, 0xFF, 0x00, 0xFF, 0x00, 0xFF, 0x00, 0xFF, 0x00, 0xFF, 0x00,
    0xFF, 0x00, 0xFF, 0x00, 0xFF, 0xFC, 0xFF, 0xFC, 0xFF, 0xFC, 0xFF, 0xFC, 0xFF, 0xFC, 0xFF, 0xFC,
    0xFF, 0xFC, 0x7E, 0x00, 0x00, 0xFE, 0x00, 0x00, 0x7F, 0x00, 0x00, 0x7F, 0x00, 0x00, 0x7F, 0x00,
    0x00, 0x7F, 0x80, 0x00, 0x3F, 0x80, 0x00, 0x3F, 0x80, 0x00, 0x3F, 0x80, 0x00, 0x3F, 0xC0, 0x00,
    0x1F, 0xC0, 0x00, 0x1F, 0xC0, 0x00, 0x1F, 0xC0, 0x00, 0x0F, 0xE0, 0x00, 0x0F, 0xE0, 0x00, 0x0F,
    0xE0, 0x00, 0x0F, 0xE0, 0x00, 0x07, 0xF0, 0x00, 0x07, 0xF0, 0x00, 0x07, 0xF0, 0x00, 0x07, 0xF0,
    0x00, 0x03, 0xF8, 0x00, 0x03, 0xF8, 0x00, 0x03, 0xF8, 0x00, 0x03, 0xFC, 0x00, 0x01, 0xFC, 0x00,
    0x01, 0xFC, 0x00, 0x01, 0xFC, 0x00, 0x01, 0xFE, 0x00, 0x00, 0xFE, 0x00, 0x00, 0xFE, 0x00, 0x00,
    0xFE, 0x00, 0x00, 0x7F, 0x00, 0x00, 0x7F, 0x00, 0x00, 0x7F, 0x00, 0x00, 0x7F, 0x00, 0x00, 0x3F,
    0x80, 0x00, 0x3F, 0x80, 0x00, 0x3F, 0x80, 0x00, 0x3F, 0xC0, 0x00, 0x1F, 0xC0, 0x00, 0x1F, 0xC0,
    0x00, 0x1F, 0xC0, 0x00, 0x1F, 0xE0, 0x00, 0x0F, 0xE0, 0x00, 0x0F, 0xE0, 0x00, 0x0F, 0xE0, 0x00,
    0x07, 0xF0, 0x00, 0x07, 0xF0, 0x00, 0x07, 0xF0, 0x00, 0x07, 0xF0, 0x00, 0x03, 0xF8, 0x00, 0x03,
    0xF8, 0x00, 0x03, 0xF8, 0x00, 0x03, 0xFC, 0x00, 0x01, 0xFC, 0x00, 0x01, 0xFC, 0xFF, 0xFE, 0xFF,
    0xFE, 0xFF, 0xFE, 0xFF, 0xFE, 0xFF, 0xFE, 0xFF, 0xFE, 0x7F, 0xFE, 0x01, 0xFE, 0x01, 0xFE, 0x01,
    0xFE, 0x01, 0xFE, 0x01, 0xFE, 0x01, 0xFE, 0x01, 0xFE, 0x01, 0xFE, 0x01, 0xFE, 0x01, 0xFE, 0x01,
    0xFE, 0x01, 0xFE, 0x01, 0xFE, 0x01, 0xFE, 0x01, 0xFE, 0x01, 0xFE, 0x01, 0xFE, 0x01, 0xFE, 0x01,
    0xFE, 0x01, 0xFE, 0x01, 0xFE, 0x01, 0xFE, 0x01, 0xFE, 0x01, 0xFE, 0x01, 0xFE, 0x01, 0xFE, 0x01,
    0xFE, 0x01, 0xFE, 0x01, 0xFE, 0x01, 0xFE, 0x01, 0xFE, 0x01, 0xFE, 0x01, 0xFE, 0x01, 0xFE, 0x01,
    0xFE, 0x01, 0xFE, 0x01, 0xFE, 0x01, 0xFE, 0x01, 0xFE, 0x01, 0xFE, 0x01, 0xFE, 0x01, 0xFE, 0x01,
    0xFE, 0x01, 0xFE, 0x01, 0xFE, 0x7F, 0xFE, 0xFF, 0xFE, 0xFF, 0xFE, 0xFF, 0xFE, 0xFF, 0xFE, 0xFF,
    0xFE, 0xFF, 0xFE, 0x00, 0x7F, 0x00, 0x00, 0x00, 0xFF, 0x00, 0x00, 0x00, 0xFF, 0x80, 0x00, 0x01,
    0xFF, 0x80, 0x00, 0x01, 0xFF, 0xC0, 0x00, 0x03, 0xFF, 0xC0, 0x00, 0x03, 0xFF, 0xE0, 0x00, 0x03,
    0xF7, 0xE0, 0x00, 0x07, 0xE7, 0xF0, 0x00, 0x07, 0xE3, 0xF0, 0x00, 0x0F, 0xE3, 0xF8, 0x00, 0x0F,
    0xC1, 0xF8, 0x00, 0x1F, 0xC1, 0xFC, 0x00, 0x1F, 0x80, 0xFC, 0x00, 0x3F, 0x80, 0xFE, 0x00, 0x3F,
    0x00, 0xFE, 0x00, 0x7F, 0x00, 0x7E, 0x00, 0x7F, 0x00, 0x7F, 0x00, 0xFE, 0x00, 0x3F, 0x00, 0xFE,
    0x00, 0x3F, 0x80, 0xFC, 0x00, 0x1F, 0x80, 0xFF, 0xFF, 0xFF, 0xFC, 0xFF, 0xFF, 0xFF, 0xFC, 0xFF,
    0xFF, 0xFF, 0xFC, 0xFF, 0xFF, 0xFF, 0xFC, 0xFF, 0xFF, 0xFF, 0xFC, 0xFF, 0xFF, 0xFF, 0xFC, 0xFF,
    0xFF, 0xFF, 0xFC, 0xFF, 0x00, 0x7F, 0x00, 0x7F, 0x80, 0x3F, 0x80, 0x1F, 0xC0, 0x1F, 0xC0, 0x0F,
    0xE0, 0x07, 0xE0, 0x07, 0xF0, 0x03, 0xF0, 0x00, 0x0F, 0xF8, 0x00, 0x00, 0x7F, 0xFF, 0x00, 0x01,
    0xFF, 0xFF, 0xC0, 0x07, 0xFF, 0xFF, 0xE0, 0x0F, 0xFF, 0xFF, 0xF0, 0x1F, 0xFF, 0xFF, 0xF8, 0x1F,
    0xFF, 0xFF, 0xF8, 0x3F, 0xF0, 0x0F, 0xFC, 0x3F, 0xE0, 0x07, 0xFC, 0x3F, 0xC0, 0x03, 0xFC, 0x03,
    0x80, 0x03, 0xFC, 0x00, 0x00, 0x03, 0xFC, 0x00, 0x00, 0x03, 0xFC, 0x00, 0x00, 0x03, 0xFC, 0x00,
    0x00, 0x07, 0xFC, 0x00, 0x03, 0xFF, 0xFC, 0x00, 0x7F, 0xFF, 0xFC, 0x03, 0xFF, 0xFF, 0xFC, 0x0F,
    0xFF, 0xFF, 0xFC, 0x1F, 0xFF, 0xFF, 0xFC, 0x3F, 0xFF, 0x83, 0xFC, 0x7F, 0xF0, 0x03, 0xFC, 0x7F,
    0xC0, 0x03, 0xFC, 0x7F, 0x80, 0x03, 0xFC, 0x7F, 0x00, 0x03, 0xFC, 0xFF, 0x00, 0x03, 0xFC, 0xFF,
    0x00, 0x07, 0xFC, 0xFF, 0x80, 0x07, 0xFC, 0x7F, 0x80, 0x0F, 0xFC, 0x7F, 0xE0, 0x3F, 0xFC, 0x7F,
    0xFF, 0xFF, 0xFC, 0x3F, 0xFF, 0xFD, 0xFC, 0x3F, 0xFF, 0xF9, 0xFC, 0x1F, 0xFF, 0xF9, 0xFC, 0x0F,
    0xFF, 0xF1, 0xFC, 0x03, 0xFF, 0xC1, 0xFC, 0x00, 0xFF, 0x00, 0x00, 0xFF, 0x00, 0x00, 0x00, 0x00,
    0xFF, 0x00, 0x00, 0x00, 0x00, 0xFF, 0x00, 0x00, 0x00, 0x00, 0xFF, 0x00, 0x00, 0x00, 0x00, 0xFF,
    0x00, 0x00, 0x00, 0x00, 0xFF, 0x00, 0x00, 0x00, 0x00, 0xFF, 0x00, 0x00, 0x00, 0x00, 0xFF, 0x00,
    0x00, 0x00, 0x00, 0xFF, 0x00, 0x00, 0x00, 0x00, 0xFF, 0x00, 0x00, 0x00, 0x00, 0xFF, 0x00, 0x00,
    0x00, 0x00, 0xFF, 0x01, 0xFC, 0x00, 0x00, 0xFF, 0x07, 0xFF, 0x80, 0x00, 0xFF, 0x0F, 0xFF, 0xE0,
    0x00, 0xFF, 0x1F, 0xFF, 0xF0, 0x00, 0xFF, 0x3F, 0xFF, 0xF8, 0x00, 0xFF, 0x7F, 0xFF, 0xFC, 0x00,
    0xFF, 0xFF, 0xFF, 0xFC, 0x00, 0xFF, 0xF8, 0x0F, 0xFE, 0x00, 0xFF, 0xF0, 0x07, 0xFE, 0x00, 0xFF,
    0xE0, 0x03, 0xFF, 0x00, 0xFF, 0xC0, 0x01, 0xFF, 0x00, 0xFF, 0xC0, 0x00, 0xFF, 0x00, 0xFF, 0x80,
    0x00, 0xFF, 0x80, 0xFF, 0x80, 0x00, 0xFF, 0x80, 0xFF, 0x80, 0x00, 0xFF, 0x80, 0xFF, 0x00, 0x00,
    0x7F, 0x80, 0xFF, 0x00, 0x00, 0x7F, 0x80, 0xFF, 0x00, 0x00, 0x7F, 0x80, 0xFF, 0x00, 0x00, 0x7F,
    0x80, 0xFF, 0x00, 0x00, 0x7F, 0x80, 0xFF, 0x00, 0x00, 0x7F, 0x80, 0xFF, 0x80, 0x00, 0x7F, 0x80,
    0xFF, 0x80, 0x00, 0xFF, 0x80, 0xFF, 0x80, 0x00, 0xFF, 0x80, 0xFF, 0x80, 0x00, 0xFF, 0x00, 0xFF,
    0xC0, 0x01, 0xFF, 0x00, 0xFF, 0xC0, 0x01, 0xFF, 0x00, 0xFF, 0xE0, 0x03, 0xFF, 0x00, 0xFF, 0xF0,
    0x07, 0xFE, 0x00, 0xFF, 0xFC, 0x1F, 0xFE, 0x00, 0xFF, 0xFF, 0xFF, 0xFC, 0x00, 0xFF, 0x7F, 0xFF,
    0xF8, 0x00, 0xFF, 0x3F, 0xFF, 0xF0, 0x00, 0xFF, 0x1F, 0xFF, 0xE0, 0x00, 0xFF, 0x0F, 0xFF, 0xC0,
    0x00, 0xFF, 0x03, 0xFF, 0x00, 0x00, 0x00, 0x0F, 0xF8, 0x00, 0x00, 0x7F, 0xFF, 0x00, 0x01, 0xFF,
    0xFF, 0x80, 0x03, 0xFF, 0xFF, 0xE0, 0x07, 0xFF, 0xFF, 0xF0, 0x0F, 0xFF, 0xFF, 0xF8, 0x1F, 0xFF,
    0xFF, 0xFC, 0x1F, 0xF8, 0x0F, 0xFC, 0x3F, 0xF0, 0x07, 0xFE, 0x3F, 0xE0, 0x03, 0xFE, 0x7F, 0xC0,
    0x01, 0xFE, 0x7F, 0x80, 0x01, 0xFE, 0x7F, 0x80, 0x00, 0xE0, 0xFF, 0x80, 0x00, 0x00, 0xFF, 0x00,
    0x00, 0x00, 0xFF, 0x00, 0x00, 0x00, 0xFF, 0x00, 0x00, 0x00, 0xFF, 0x00, 0x00, 0x00, 0xFF, 0x00,
    0x00, 0x00, 0xFF, 0x00, 0x00, 0x00, 0xFF, 0x00, 0x00, 0x00, 0xFF, 0x00, 0x00, 0x00, 0xFF, 0x80,
    0x00, 0x00, 0xFF, 0x80, 0x00, 0x00, 0x7F, 0x80, 0x00, 0xE0, 0x7F, 0x80, 0x00, 0xFE, 0x7F, 0xC0,
    0x01, 0xFE, 0x3F, 0xE0, 0x03, 0xFE, 0x3F, 0xF0, 0x07, 0xFE, 0x1F, 0xF8, 0x0F, 0xFC, 0x1F, 0xFF,
    0xFF, 0xFC, 0x0F, 0xFF, 0xFF, 0xF8, 0x07, 0xFF, 0xFF, 0xF0, 0x03, 0xFF, 0xFF, 0xE0, 0x01, 0xFF,
    0xFF, 0xC0, 0x00, 0x7F, 0xFF, 0x00, 0x00, 0x0F, 0xF8, 0x00, 0x00, 0x00, 0x00, 0x7F, 0x80, 0x00,
    0x00, 0x00, 0x7F, 0x80, 0x00, 0x00, 0x00, 0x7F, 0x80, 0x00, 0x00, 0x00, 0x7F, 0x80, 0x00, 0x00,
    0x00, 0x7F, 0x80, 0x00, 0x00, 0x00, 0x7F, 0x80, 0x00, 0x00, 0x00, 0x7F, 0x80, 0x00, 0x00, 0x00,
    0x7F, 0x80, 0x00, 0x00, 0x00, 0x7F, 0x80, 0x00, 0x00, 0x00, 0x7F, 0x80, 0x00, 0x00, 0x00, 0x7F,
    0x80, 0x00, 0x3F, 0xC0, 0x7F, 0x80, 0x00, 0xFF, 0xF0, 0x7F, 0x80, 0x03, 0xFF, 0xF8, 0x7F, 0x80,
    0x07, 0xFF, 0xFC, 0x7F, 0x80, 0x0F, 0xFF, 0xFE, 0x7F, 0x80, 0x1F, 0xFF, 0xFF, 0x7F, 0x80, 0x1F,
    0xFF, 0xFF, 0xFF, 0x80, 0x3F, 0xF8, 0x0F, 0xFF, 0x80, 0x3F, 0xE0, 0x07, 0xFF, 0x80, 0x7F, 0xE0,
    0x03, 0xFF, 0x80, 0x7F, 0xC0, 0x01, 0xFF, 0x80, 0x7F, 0x80, 0x01, 0xFF, 0x80, 0xFF, 0x80, 0x00,
    0xFF, 0x80, 0xFF, 0x80, 0x00, 0xFF, 0x80, 0xFF, 0x00, 0x00, 0xFF, 0x80, 0xFF, 0x00, 0x00, 0x7F,
    0x80, 0xFF, 0x00, 0x00, 0x7F, 0x80, 0xFF, 0x00, 0x00, 0x7F, 0x80, 0xFF, 0x00, 0x00, 0x7F, 0x80,
    0xFF, 0x00, 0x00, 0x7F, 0x80, 0xFF, 0x00, 0x00, 0x7F, 0x80, 0xFF, 0x00, 0x00, 0xFF, 0x80, 0xFF,
    0x80, 0x00, 0xFF, 0x80, 0xFF, 0x80, 0x00, 0xFF, 0x80, 0xFF, 0x80, 0x00, 0xFF, 0x80, 0x7F, 0xC0,
    0x01, 0xFF, 0x80, 0x7F, 0xC0, 0x01, 0xFF, 0x80, 0x7F, 0xE0, 0x03, 0xFF, 0x80, 0x3F, 0xF0, 0x07,
    0xFF, 0x80, 0x3F, 0xFC, 0x1F, 0xFF, 0x80, 0x1F, 0xFF, 0xFF, 0xFF, 0x80, 0x0F, 0xFF, 0xFE, 0x7F,
    0x80, 0x07, 0xFF, 0xFE, 0x7F, 0x80, 0x03, 0xFF, 0xFC, 0x7F, 0x80, 0x01, 0xFF, 0xF8, 0x7F, 0x80,
    0x00, 0x7F, 0xE0, 0x7F, 0x80, 0x00, 0x0F, 0xF0, 0x00, 0x00, 0x7F, 0xFE, 0x00, 0x01, 0xFF, 0xFF,
    0x80, 0x03, 0xFF, 0xFF, 0xC0, 0x07, 0xFF, 0xFF, 0xE0, 0x0F, 0xFF, 0xFF, 0xF0, 0x1F, 0xFF, 0xFF,
    0xF8, 0x1F, 0xF8, 0x0F, 0xFC, 0x3F, 0xE0, 0x07, 0xFC, 0x3F, 0xC0, 0x03, 0xFE, 0x7F, 0x80, 0x01,
    0xFE, 0x7F, 0x80, 0x01, 0xFE, 0x7F, 0x00, 0x00, 0xFF, 0xFF, 0x00, 0x00, 0xFF, 0xFF, 0x00, 0x00,
    0xFF, 0xFF, 0xFF, 0xFF, 0xFF, 0xFF, 0xFF, 0xFF, 0xFF, 0xFF, 0xFF, 0xFF, 0xFF, 0xFF, 0xFF, 0xFF,
    0xFF, 0xFF, 0xFF, 0xFF, 0xFF, 0xFF, 0xFF, 0xFF, 0xFF, 0xFF, 0x00, 0x00, 0x00, 0xFF, 0x00, 0x00,
    0x00, 0xFF, 0x00, 0x00, 0x00, 0xFF, 0x00, 0x00, 0x00, 0x7F, 0x80, 0x00, 0x00, 0x7F, 0x80, 0x00,
    0xE0, 0x7F, 0xC0, 0x01, 0xFE, 0x3F, 0xE0, 0x03, 0xFE, 0x1F, 0xF8, 0x07, 0xFE, 0x1F, 0xFF, 0xFF,
    0xFC, 0x0F, 0xFF, 0xFF, 0xFC, 0x07, 0xFF, 0xFF, 0xF8, 0x03, 0xFF, 0xFF, 0xF0, 0x01, 0xFF, 0xFF,
    0xC0, 0x00, 0x7F, 0xFF, 0x00, 0x00, 0x0F, 0xF8, 0x00, 0x00, 0x01, 0xF0, 0x00, 0x1F, 0xFE, 0x00,
    0x3F, 0xFE, 0x00, 0x7F, 0xFE, 0x00, 0xFF, 0xFC, 0x01, 0xFF, 0xFC, 0x01, 0xFF, 0xFC, 0x03, 0xFF,
    0x00, 0x03, 0xFE, 0x00, 0x03, 0xFC, 0x00, 0x03, 0xFC, 0x00, 0x03, 0xFC, 0x00, 0x03, 0xFC, 0x00,
    0x03, 0xFC, 0x00, 0xFF, 0xFF, 0xFC, 0xFF, 0xFF, 0xFC, 0xFF, 0xFF, 0xFC, 0xFF, 0xFF, 0xFC, 0xFF,
    0xFF, 0xFC, 0xFF, 0xFF, 0xFC, 0xFF, 0xFF, 0xF8, 0x03, 0xFC, 0x00, 0x03, 0xFC, 0x00, 0x03, 0xFC,
    0x00, 0x03, 0xFC, 0x00, 0x03, 0xFC, 0x00, 0x03, 0xFC, 0x00, 0x03, 0xFC, 0x00, 0x03, 0xFC, 0x00,
    0x03, 0xFC, 0x00, 0x03, 0xFC, 0x00, 0x03, 0xFC, 0x00, 0x03, 0xFC, 0x00, 0x03, 0xFC, 0x00, 0x03,
    0xFC, 0x00, 0x03, 0xFC, 0x00, 0x03, 0xFC, 0x00, 0x03, 0xFC, 0x00, 0x03, 0xFC, 0x00, 0x03, 0xFC,
    0x00, 0x03, 0xFC, 0x00, 0x03, 0xFC, 0x00, 0x03, 0xFC, 0x00, 0x03, 0xFC, 0x00, 0x03, 0xFC, 0x00,
    0x03, 0xFC, 0x00, 0x03, 0xFC, 0x00, 0x03, 0xFC, 0x00, 0x03, 0xFC, 0x00, 0x03, 0xFC, 0x00, 0x00,
    0x1F, 0xC0, 0x7F, 0x80, 0x00, 0xFF, 0xF0, 0x7F, 0x80, 0x03, 0xFF, 0xF8, 0x7F, 0x80, 0x07, 0xFF,
    0xFC, 0x7F, 0x80, 0x0F, 0xFF, 0xFE, 0x7F, 0x80, 0x1F, 0xFF, 0xFF, 0x7F, 0x80, 0x1F, 0xFF, 0xFF,
    0xFF, 0x80, 0x3F, 0xF8, 0x0F, 0xFF, 0x80, 0x3F, 0xF0, 0x07, 0xFF, 0x80, 0x7F, 0xE0, 0x03, 0xFF,
    0x80, 0x7F, 0xC0, 0x01, 0xFF, 0x80, 0x7F, 0x80, 0x01, 0xFF, 0x80, 0xFF, 0x80, 0x00, 0xFF, 0x80,
    0xFF, 0x80, 0x00, 0xFF, 0x80, 0xFF, 0x00, 0x00, 0xFF, 0x80, 0xFF, 0x00, 0x00, 0x7F, 0x80, 0xFF,
    0x00, 0x00, 0x7F, 0x80, 0xFF, 0x00, 0x00, 0x7F, 0x80, 0xFF, 0x00, 0x00, 0x7F, 0x80, 0xFF, 0x00,
    0x00, 0x7F, 0x80, 0xFF, 0x00, 0x00, 0x7F, 0x80, 0xFF, 0x00, 0x00, 0xFF, 0x80, 0xFF, 0x80, 0x00,
    0xFF, 0x80, 0xFF, 0x80, 0x00, 0xFF, 0x80, 0xFF, 0x80, 0x00, 0xFF, 0x80, 0x7F, 0xC0, 0x01, 0xFF,
    0x80, 0x7F, 0xC0, 0x03, 0xFF, 0x80, 0x7F, 0xE0, 0x07, 0xFF, 0x80, 0x3F, 0xF8, 0x0F, 0xFF, 0x80,
    0x3F, 0xFF, 0xFF, 0xFF, 0x80, 0x1F, 0xFF, 0xFF, 0x7F, 0x80, 0x0F, 0xFF, 0xFE, 0x7F, 0x80, 0x07,
    0xFF, 0xFC, 0x7F, 0x80, 0x03, 0xFF, 0xF8, 0x7F, 0x80, 0x00, 0xFF, 0xF0, 0x7F, 0x80, 0x00, 0x3F,
    0xC0, 0x7F, 0x80, 0x00, 0x00, 0x00, 0x7F, 0x80, 0x00, 0x00, 0x00, 0xFF, 0x80, 0x00, 0x00, 0x00,
    0xFF, 0x00, 0x03, 0x00, 0x00, 0xFF, 0x00, 0x3F, 0xC0, 0x01, 0xFF, 0x00, 0x7F, 0xE0, 0x07, 0xFE,
    0x00, 0x3F, 0xFF, 0xFF, 0xFE, 0x00, 0x1F, 0xFF, 0xFF, 0xFC, 0x00, 0x0F, 0xFF, 0xFF, 0xF8, 0x00,
    0x07, 0xFF, 0xFF, 0xF0, 0x00, 0x03, 0xFF, 0xFF, 0xE0, 0x00, 0x00, 0xFF, 0xFF, 0x80, 0x00, 0x00,
    0x1F, 0xF8, 0x00, 0x00, 0xFF, 0x00, 0x00, 0x00, 0xFF, 0x00, 0x00, 0x00, 0xFF, 0x00, 0x00, 0x00,
    0xFF, 0x00, 0x00, 0x00, 0xFF, 0x00, 0x00, 0x00, 0xFF, 0x00, 0x00, 0x00, 0xFF, 0x00, 0x00, 0x00,
    0xFF, 0x00, 0x00, 0x00, 0xFF, 0x00, 0x00, 0x00, 0xFF, 0x00, 0x00, 0x00, 0xFF, 0x00, 0x00, 0x00,
    0xFF, 0x01, 0xFC, 0x00, 0xFF, 0x07, 0xFF, 0x80, 0xFF, 0x1F, 0xFF, 0xC0, 0xFF, 0x3F, 0xFF, 0xF0,
    0xFF, 0x3F, 0xFF, 0xF0, 0xFF, 0x7F, 0xFF, 0xF8, 0xFF, 0xFF, 0xFF, 0xFC, 0xFF, 0xF0, 0x1F, 0xFC,
    0xFF, 0xE0, 0x07, 0xFC, 0xFF, 0xC0, 0x07, 0xFC, 0xFF, 0x80, 0x03, 0xFE, 0xFF, 0x80, 0x03, 0xFE,
    0xFF, 0x80, 0x01, 0xFE, 0xFF, 0x80, 0x01, 0xFE, 0xFF, 0x00, 0x01, 0xFE, 0xFF, 0x00, 0x01, 0xFE,
    0xFF, 0x00, 0x01, 0xFE, 0xFF, 0x00, 0x01, 0xFE, 0xFF, 0x00, 0x01, 0xFE, 0xFF, 0x00, 0x01, 0xFE,
    0xFF, 0x00, 0x01, 0xFE, 0xFF, 0x00, 0x01, 0xFE, 0xFF, 0x00, 0x01, 0xFE, 0xFF, 0x00, 0x01, 0xFE,
    0xFF, 0x00, 0x01, 0xFE, 0xFF, 0x00, 0x01, 0xFE, 0xFF, 0x00, 0x01, 0xFE, 0xFF, 0x00, 0x01, 0xFE,
    0xFF, 0x00, 0x01, 0xFE, 0xFF, 0x00, 0x01, 0xFE, 0xFF, 0x00, 0x01, 0xFE, 0xFF, 0x00, 0x01, 0xFE,
    0xFF, 0x00, 0x01, 0xFE, 0xFF, 0x00, 0x01, 0xFE, 0xFF, 0x00, 0x01, 0xFE, 0xFF, 0x00, 0x01, 0xFE,
    0x3E, 0x00, 0x7F, 0x00, 0xFF, 0x80, 0xFF, 0x80, 0xFF, 0x80, 0xFF, 0x80, 0xFF, 0x80, 0x7F, 0x00,
    0x3E, 0x00, 0x00, 0x00, 0x00, 0x00, 0x00, 0x00, 0x00, 0x00, 0x00, 0x00, 0xFF, 0x00, 0xFF, 0x00,
    0xFF, 0x00, 0xFF, 0x00, 0xFF, 0x00, 0xFF, 0x00, 0xFF, 0x00, 0xFF, 0x00, 0xFF, 0x00, 0xFF, 0x00,
    0xFF, 0x00, 0xFF, 0x00, 0xFF, 0x00, 0xFF, 0x00, 0xFF, 0x00, 0xFF, 0x00, 0xFF, 0x00, 0xFF, 0x00,
    0xFF, 0x00, 0xFF, 0x00, 0xFF, 0x00, 0xFF, 0x00, 0xFF, 0x00, 0xFF, 0x00, 0xFF, 0x00, 0xFF, 0x00,
    0xFF, 0x00, 0xFF, 0x00, 0xFF, 0x00, 0xFF, 0x00, 0xFF, 0x00, 0xFF, 0x00, 0xFF, 0x00, 0xFF, 0x00,
    0xFF, 0x00, 0xFF, 0x00, 0x01, 0xE0, 0x03, 0xF8, 0x07, 0xFC, 0x07, 0xFC, 0x07, 0xFC, 0x07, 0xFC,
    0x07, 0xFC, 0x03, 0xF8, 0x01, 0xE0, 0x00, 0x00, 0x00, 0x00, 0x00, 0x00, 0x00, 0x00, 0x00, 0x00,
    0x07, 0xF8, 0x07, 0xF8, 0x07, 0xF8, 0x07, 0xF8, 0x07, 0xF8, 0x07, 0xF8, 0x07, 0xF8, 0x07, 0xF8,
    0x07, 0xF8, 0x07, 0xF8, 0x07, 0xF8, 0x07, 0xF8, 0x07, 0xF8, 0x07, 0xF8, 0x07, 0xF8, 0x07, 0xF8,
    0x07, 0xF8, 0x07, 0xF8, 0x07, 0xF8, 0x07, 0xF8, 0x07, 0xF8, 0x07, 0xF8, 0x07, 0xF8, 0x07, 0xF8,
    0x07, 0xF8, 0x07, 0xF8, 0x07, 0xF8, 0x07, 0xF8, 0x07, 0xF8, 0x07, 0xF8, 0x07, 0xF8, 0x07, 0xF8,
    0x07, 0xF8, 0x07, 0xF8, 0x07, 0xF8, 0x07, 0xF8, 0x07, 0xF8, 0x07, 0xF8, 0x07, 0xF8, 0x07, 0xF8,
    0x07, 0xF8, 0x0F, 0xF8, 0xFF, 0xF8, 0xFF, 0xF0, 0xFF, 0xF0, 0xFF, 0xE0, 0xFF, 0xC0, 0xFF, 0x00,
    0xFC, 0x00, 0xFF, 0x00, 0x00, 0x00, 0xFF, 0x00, 0x00, 0x00, 0xFF, 0x00, 0x00, 0x00, 0xFF, 0x00,
    0x00, 0x00, 0xFF, 0x00, 0x00, 0x00, 0xFF, 0x00, 0x00, 0x00, 0xFF, 0x00, 0x00, 0x00, 0xFF, 0x00,
    0x00, 0x00, 0xFF, 0x00, 0x00, 0x00, 0xFF, 0x00, 0x00, 0x00, 0xFF, 0x00, 0x00, 0x00, 0xFF, 0x00,
    0x07, 0xFE, 0xFF, 0x00, 0x0F, 0xFC, 0xFF, 0x00, 0x1F, 0xF8, 0xFF, 0x00, 0x1F, 0xF0, 0xFF, 0x00,
    0x3F, 0xE0, 0xFF, 0x00, 0x7F, 0xC0, 0xFF, 0x00, 0xFF, 0xC0, 0xFF, 0x01, 0xFF, 0x80, 0xFF, 0x03,
    0xFF, 0x00, 0xFF, 0x03, 0xFE, 0x00, 0xFF, 0x07, 0xFC, 0x00, 0xFF, 0x0F, 0xF8, 0x00, 0xFF, 0x1F,
    0xF0, 0x00, 0xFF, 0x3F, 0xF0, 0x00, 0xFF, 0xFF, 0xE0, 0x00, 0xFF, 0xFF, 0xC0, 0x00, 0xFF, 0xFF,
    0xC0, 0x00, 0xFF, 0xFF, 0xE0, 0x00, 0xFF, 0xFF, 0xF0, 0x00, 0xFF, 0xFF, 0xF0, 0x00, 0xFF, 0xFF,
    0xF8, 0x00, 0xFF, 0xEF, 0xFC, 0x00, 0xFF, 0xC7, 0xFC, 0x00, 0xFF, 0x87, 0xFE, 0x00, 0xFF, 0x03,
    0xFF, 0x00, 0xFF, 0x01, 0xFF, 0x80, 0xFF, 0x01, 0xFF, 0x80, 0xFF, 0x00, 0xFF, 0xC0, 0xFF, 0x00,
    0x7F, 0xE0, 0xFF, 0x00, 0x3F, 0xE0, 0xFF, 0x00, 0x3F, 0xF0, 0xFF, 0x00, 0x1F, 0xF8, 0xFF, 0x00,
    0x0F, 0xF8, 0xFF, 0x00, 0x0F, 0xFC, 0xFF, 0x00, 0x07, 0xFE, 0xFF, 0x00, 0x03, 0xFF, 0xFF, 0xFF,
    0xFF, 0xFF, 0xFF, 0xFF, 0xFF, 0xFF, 0xFF, 0xFF, 0xFF, 0xFF, 0xFF, 0xFF, 0xFF, 0xFF, 0xFF, 0xFF,
    0xFF, 0xFF, 0xFF, 0xFF, 0xFF, 0xFF, 0xFF, 0xFF, 0xFF, 0xFF, 0xFF, 0xFF, 0xFF, 0xFF, 0xFF, 0xFF,
    0xFF, 0xFF, 0xFF, 0xFF, 0xFF, 0xFF, 0xFF, 0xFF, 0xFF, 0xFF, 0xFF, 0xFF, 0xFF, 0xFF, 0x01, 0xF8,
    0x00, 0x1F, 0xC0, 0x00, 0xFF, 0x07, 0xFE, 0x00, 0xFF, 0xF0, 0x00, 0xFF, 0x1F, 0xFF, 0x01, 0xFF,
    0xF8, 0x00, 0xFF, 0x3F, 0xFF, 0x83, 0xFF, 0xFC, 0x00, 0xFF, 0x3F, 0xFF, 0xC7, 0xFF, 0xFE, 0x00,
    0xFF, 0x7F, 0xFF, 0xCF, 0xFF, 0xFF, 0x00, 0xFF, 0xFF, 0xFF, 0xEF, 0xFF, 0xFF, 0x00, 0xFF, 0xF0,
    0x3F, 0xFF, 0x03, 0xFF, 0x80, 0xFF, 0xC0, 0x1F, 0xFE, 0x00, 0xFF, 0x80, 0xFF, 0xC0, 0x0F, 0xFC,
    0x00, 0xFF, 0x80, 0xFF, 0x80, 0x0F, 0xF8, 0x00, 0x7F, 0x80, 0xFF, 0x80, 0x07, 0xF8, 0x00, 0x7F,
    0x80, 0xFF, 0x80, 0x07, 0xF8, 0x00, 0x7F, 0x80, 0xFF, 0x00, 0x07, 0xF8, 0x00, 0x7F, 0x80, 0xFF,
    0x00, 0x07, 0xF8, 0x00, 0x7F, 0x80, 0xFF, 0x00, 0x07, 0xF8, 0x00, 0x7F, 0x80, 0xFF, 0x00, 0x07,
    0xF8, 0x00, 0x7F, 0x80, 0xFF, 0x00, 0x07, 0xF8, 0x00, 0x7F, 0x80, 0xFF, 0x00, 0x07, 0xF8, 0x00,
    0x7F, 0x80, 0xFF, 0x00, 0x07, 0xF8, 0x00, 0x7F, 0x80, 0xFF, 0x00, 0x07, 0xF8, 0x00, 0x7F, 0x80,
    0xFF, 0x00, 0x07, 0xF8, 0x00, 0x7F, 0x80, 0xFF, 0x00, 0x07, 0xF8, 0x00, 0x7F, 0x80, 0xFF, 0x00,
    0x07, 0xF8, 0x00, 0x7F, 0x80, 0xFF, 0x00, 0x07, 0xF8, 0x00, 0x7F, 0x80, 0xFF, 0x00, 0x07, 0xF8,
    0x00, 0x7F, 0x80, 0xFF, 0x00, 0x07, 0xF8, 0x00, 0x7F, 0x80, 0xFF, 0x00, 0x07, 0xF8, 0x00, 0x7F,
    0x80, 0xFF, 0x00, 0x07, 0xF8, 0x00, 0x7F, 0x80, 0xFF, 0x00, 0x07, 0xF8, 0x00, 0x7F, 0x80, 0xFF,
    0x00, 0x07, 0xF8, 0x00, 0x7F, 0x80, 0xFF, 0x00, 0x07, 0xF8, 0x00, 0x7F, 0x80, 0xFF, 0x00, 0x07,
    0xF8, 0x00, 0x7F, 0x80, 0xFF, 0x00, 0x07, 0xF8, 0x00, 0x7F, 0x80, 0xFF, 0x00, 0x07, 0xF8, 0x00,
    0x7F, 0x80, 0xFF, 0x00, 0x07, 0xF8, 0x00, 0x7F, 0x80, 0xFF, 0x01, 0xFC, 0x00, 0xFF, 0x07, 0xFF,
    0x80, 0xFF, 0x0F, 0xFF, 0xC0, 0xFF, 0x1F, 0xFF, 0xF0, 0xFF, 0x3F, 0xFF, 0xF0, 0xFF, 0x7F, 0xFF,
    0xF8, 0xFF, 0x7F, 0xFF, 0xF8, 0xFF, 0xF0, 0x1F, 0xFC, 0xFF, 0xE0, 0x07, 0xFC, 0xFF, 0xC0, 0x07,
    0xFC, 0xFF, 0x80, 0x03, 0xFE, 0xFF, 0x80, 0x03, 0xFE, 0xFF, 0x80, 0x01, 0xFE, 0xFF, 0x80, 0x01,
    0xFE, 0xFF, 0x00, 0x01, 0xFE, 0xFF, 0x00, 0x01, 0xFE, 0xFF, 0x00, 0x01, 0xFE, 0xFF, 0x00, 0x01,
    0xFE, 0xFF, 0x00, 0x01, 0xFE, 0xFF, 0x00, 0x01, 0xFE, 0xFF, 0x00, 0x01, 0xFE, 0xFF, 0x00, 0x01,
    0xFE, 0xFF, 0x00, 0x01, 0xFE, 0xFF, 0x00, 0x01, 0xFE, 0xFF, 0x00, 0x01, 0xFE, 0xFF, 0x00, 0x01,
    0xFE, 0xFF, 0x00, 0x01, 0xFE, 0xFF, 0x00, 0x01, 0xFE, 0xFF, 0x00, 0x01, 0xFE, 0xFF, 0x00, 0x01,
    0xFE, 0xFF, 0x00, 0x01, 0xFE, 0xFF, 0x00, 0x01, 0xFE, 0xFF, 0x00, 0x01, 0xFE, 0xFF, 0x00, 0x01,
    0xFE, 0xFF, 0x00, 0x01, 0xFE, 0xFF, 0x00, 0x01, 0xFE, 0x00, 0x0F, 0xF8, 0x00, 0x00, 0x00, 0x7F,
    0xFF, 0x00, 0x00, 0x01, 0xFF, 0xFF, 0xC0, 0x00, 0x03, 0xFF, 0xFF, 0xE0, 0x00, 0x07, 0xFF, 0xFF,
    0xF0, 0x00, 0x0F, 0xFF, 0xFF, 0xF8, 0x00, 0x1F, 0xFF, 0xFF, 0xFC, 0x00, 0x1F, 0xF8, 0x0F, 0xFC,
    0x00, 0x3F, 0xF0, 0x07, 0xFE, 0x00, 0x3F, 0xE0, 0x03, 0xFE, 0x00, 0x7F, 0xC0, 0x01, 0xFF, 0x00,
    0x7F, 0x80, 0x00, 0xFF, 0x00, 0x7F, 0x80, 0x00, 0xFF, 0x00, 0xFF, 0x80, 0x00, 0xFF, 0x80, 0xFF,
    0x80, 0x00, 0xFF, 0x80, 0xFF, 0x00, 0x00, 0x7F, 0x80, 0xFF, 0x00, 0x00, 0x7F, 0x80, 0xFF, 0x00,
    0x00, 0x7F, 0x80, 0xFF, 0x00, 0x00, 0x7F, 0x80, 0xFF, 0x00, 0x00, 0x7F, 0x80, 0xFF, 0x00, 0x00,
    0x7F, 0x80, 0xFF, 0x00, 0x00, 0x7F, 0x80, 0xFF, 0x80, 0x00, 0xFF, 0x80, 0xFF, 0x80, 0x00, 0xFF,
    0x80, 0x7F, 0x80, 0x00, 0xFF, 0x00, 0x7F, 0x80, 0x00, 0xFF, 0x00, 0x7F, 0xC0, 0x01, 0xFF, 0x00,
    0x3F, 0xE0, 0x03, 0xFE, 0x00, 0x3F, 0xF0, 0x07, 0xFE, 0x00, 0x1F, 0xF8, 0x0F, 0xFC, 0x00, 0x1F,
    0xFF, 0xFF, 0xFC, 0x00, 0x0F, 0xFF, 0xFF, 0xF8, 0x00, 0x07, 0xFF, 0xFF, 0xF0, 0x00, 0x03, 0xFF,
    0xFF, 0xE0, 0x00, 0x01, 0xFF, 0xFF, 0xC0, 0x00, 0x00, 0x7F, 0xFF, 0x00, 0x00, 0x00, 0x0F, 0xF8,
    0x00, 0x00, 0xFF, 0x01, 0xFC, 0x00, 0x00, 0xFF, 0x07, 0xFF, 0x80, 0x00, 0xFF, 0x0F, 0xFF, 0xE0,
    0x00, 0xFF, 0x1F, 0xFF, 0xF0, 0x00, 0xFF, 0x3F, 0xFF, 0xF8, 0x00, 0xFF, 0x7F, 0xFF, 0xFC, 0x00,
    0xFF, 0xFF, 0xFF, 0xFC, 0x00, 0xFF, 0xF8, 0x0F, 0xFE, 0x00, 0xFF, 0xF0, 0x07, 0xFE, 0x00, 0xFF,
    0xE0, 0x03, 0xFF, 0x00, 0xFF, 0xC0, 0x01, 0xFF, 0x00, 0xFF, 0xC0, 0x00, 0xFF, 0x00, 0xFF, 0x80,
    0x00, 0xFF, 0x80, 0xFF, 0x80, 0x00, 0xFF, 0x80, 0xFF, 0x80, 0x00, 0xFF, 0x80, 0xFF, 0x00, 0x00,
    0x7F, 0x80, 0xFF, 0x00, 0x00, 0x7F, 0x80, 0xFF, 0x00, 0x00, 0x7F, 0x80, 0xFF, 0x00, 0x00, 0x7F,
    0x80, 0xFF, 0x00, 0x00, 0x7F, 0x80, 0xFF, 0x00, 0x00, 0x7F, 0x80, 0xFF, 0x80, 0x00, 0x7F, 0x80,
    0xFF, 0x80, 0x00, 0xFF, 0x80, 0xFF, 0x80, 0x00, 0xFF, 0x80, 0xFF, 0x80, 0x00, 0xFF, 0x00, 0xFF,
    0xC0, 0x01, 0xFF, 0x00, 0xFF, 0xC0, 0x01, 0xFF, 0x00, 0xFF, 0xE0, 0x03, 0xFF, 0x00, 0xFF, 0xF0,
    0x07, 0xFE, 0x00, 0xFF, 0xFC, 0x1F, 0xFE, 0x00, 0xFF, 0xFF, 0xFF, 0xFC, 0x00, 0xFF, 0x7F, 0xFF,
    0xF8, 0x00, 0xFF, 0x3F, 0xFF, 0xF0, 0x00, 0xFF, 0x1F, 0xFF, 0xE0, 0x00, 0xFF, 0x0F, 0xFF, 0xC0,
    0x00, 0xFF, 0x03, 0xFF, 0x00, 0x00, 0xFF, 0x00, 0x00, 0x00, 0x00, 0xFF, 0x00, 0x00, 0x00, 0x00,
    0xFF, 0x00, 0x00, 0x00, 0x00, 0xFF, 0x00, 0x00, 0x00, 0x00, 0xFF, 0x00, 0x00, 0x00, 0x00, 0xFF,
    0x00, 0x00, 0x00, 0x00, 0xFF, 0x00, 0x00, 0x00, 0x00, 0xFF, 0x00, 0x00, 0x00, 0x00, 0xFF, 0x00,
    0x00, 0x00, 0x00, 0xFF, 0x00, 0x00, 0x00, 0x00, 0xFF, 0x00, 0x00, 0x00, 0x00, 0xFF, 0x00, 0x00,
    0x00, 0x00, 0xFF, 0x00, 0x00, 0x00, 0x00, 0x00, 0x3F, 0xC0, 0x7F, 0x80, 0x00, 0xFF, 0xF0, 0x7F,
    0x80, 0x03, 0xFF, 0xF8, 0x7F, 0x80, 0x07, 0xFF, 0xFC, 0x7F, 0x80, 0x0F, 0xFF, 0xFE, 0x7F, 0x80,
    0x1F, 0xFF, 0xFF, 0x7F, 0x80, 0x1F, 0xFF, 0xFF, 0xFF, 0x80, 0x3F, 0xF8, 0x0F, 0xFF, 0x80, 0x3F,
    0xE0, 0x07, 0xFF, 0x80, 0x7F, 0xE0, 0x03, 0xFF, 0x80, 0x7F, 0xC0, 0x01, 0xFF, 0x80, 0x7F, 0x80,
    0x01, 0xFF, 0x80, 0xFF, 0x80, 0x00, 0xFF, 0x80, 0xFF, 0x80, 0x00, 0xFF, 0x80, 0xFF, 0x00, 0x00,
    0xFF, 0x80, 0xFF, 0x00, 0x00, 0x7F, 0x80, 0xFF, 0x00, 0x00, 0x7F, 0x80, 0xFF, 0x00, 0x00, 0x7F,
    0x80, 0xFF, 0x00, 0x00, 0x7F, 0x80, 0xFF, 0x00, 0x00, 0x7F, 0x80, 0xFF, 0x00, 0x00, 0x7F, 0x80,
    0xFF, 0x00, 0x00, 0xFF, 0x80, 0xFF, 0x80, 0x00, 0xFF, 0x80, 0xFF, 0x80, 0x00, 0xFF, 0x80, 0xFF,
    0x80, 0x00, 0xFF, 0x80, 0x7F, 0xC0, 0x01, 0xFF, 0x80, 0x7F, 0xC0, 0x01, 0xFF, 0x80, 0x7F, 0xE0,
    0x03, 0xFF, 0x80, 0x3F, 0xF0, 0x07, 0xFF, 0x80, 0x3F, 0xFC, 0x1F, 0xFF, 0x80, 0x1F, 0xFF, 0xFF,
    0xFF, 0x80, 0x0F, 0xFF, 0xFE, 0x7F, 0x80, 0x07, 0xFF, 0xFE, 0x7F, 0x80, 0x03, 0xFF, 0xFC, 0x7F,
    0x80, 0x01, 0xFF, 0xF8, 0x7F, 0x80, 0x00, 0x7F, 0xE0, 0x7F, 0x80, 0x00, 0x00, 0x00, 0x7F, 0x80,
    0x00, 0x00, 0x00, 0x7F, 0x80, 0x00, 0x00, 0x00, 0x7F, 0x80, 0x00, 0x00, 0x00, 0x7F, 0x80, 0x00,
    0x00, 0x00, 0x7F, 0x80, 0x00, 0x00, 0x00, 0x7F, 0x80, 0x00, 0x00, 0x00, 0x7F, 0x80, 0x00, 0x00,
    0x00, 0x7F, 0x80, 0x00, 0x00, 0x00, 0x7F, 0x80, 0x00, 0x00, 0x00, 0x7F, 0x80, 0x00, 0x00, 0x00,
    0x7F, 0x80, 0x00, 0x00, 0x00, 0x7F, 0x80, 0x00, 0x00, 0x00, 0x7F, 0x80, 0xFF, 0x03, 0xF0, 0xFF,
    0x0F, 0xF0, 0xFF, 0x1F, 0xF0, 0xFF, 0x3F, 0xF0, 0xFF, 0x7F, 0xF0, 0xFF, 0x7F, 0xF0, 0xFF, 0xFF,
    0xF0, 0xFF, 0xF8, 0x10, 0xFF, 0xF0, 0x00, 0xFF, 0xC0, 0x00, 0xFF, 0xC0, 0x00, 0xFF, 0x80, 0x00,
    0xFF, 0x80, 0x00, 0xFF, 0x80, 0x00, 0xFF, 0x00, 0x00, 0xFF, 0x00, 0x00, 0xFF, 0x00, 0x00, 0xFF,
    0x00, 0x00, 0xFF, 0x00, 0x00, 0xFF, 0x00, 0x00, 0xFF, 0x00, 0x00, 0xFF, 0x00, 0x00, 0xFF, 0x00,
    0x00, 0xFF, 0x00, 0x00, 0xFF, 0x00, 0x00, 0xFF, 0x00, 0x00, 0xFF, 0x00, 0x00, 0xFF, 0x00, 0x00,
    0xFF, 0x00, 0x00, 0xFF, 0x00, 0x00, 0xFF, 0x00, 0x00, 0xFF, 0x00, 0x00, 0xFF, 0x00, 0x00, 0xFF,
    0x00, 0x00, 0xFF, 0x00, 0x00, 0xFF, 0x00, 0x00, 0x00, 0x3F, 0xE0, 0x00, 0x01, 0xFF, 0xFC, 0x00,
    0x07, 0xFF, 0xFF, 0x00, 0x0F, 0xFF, 0xFF, 0x80, 0x1F, 0xFF, 0xFF, 0xC0, 0x3F, 0xFF, 0xFF, 0xE0,
    0x3F, 0xFF, 0xFF, 0xE0, 0x7F, 0xE0, 0x3F, 0xF0, 0x7F, 0xC0, 0x0F, 0xF0, 0x7F, 0x80, 0x07, 0xF0,
    0x7F, 0x80, 0x07, 0x80, 0x7F, 0x80, 0x00, 0x00, 0x7F, 0x80, 0x00, 0x00, 0x7F, 0xC0, 0x00, 0x00,
    0x7F, 0xF0, 0x00, 0x00, 0x3F, 0xFF, 0x00, 0x00, 0x1F, 0xFF, 0xF8, 0x00, 0x0F, 0xFF, 0xFF, 0x00,
    0x07, 0xFF, 0xFF, 0xC0, 0x01, 0xFF, 0xFF, 0xE0, 0x00, 0x3F, 0xFF, 0xF0, 0x00, 0x03, 0xFF, 0xF0,
    0x00, 0x00, 0x3F, 0xF8, 0x00, 0x00, 0x0F, 0xF8, 0x00, 0x00, 0x07, 0xF8, 0x02, 0x00, 0x07, 0xFC,
    0x7F, 0x00, 0x07, 0xF8, 0xFF, 0x00, 0x07, 0xF8, 0xFF, 0x80, 0x0F, 0xF8, 0x7F, 0xE0, 0x1F, 0xF8,
    0x7F, 0xFF, 0xFF, 0xF0, 0x3F, 0xFF, 0xFF, 0xF0, 0x1F, 0xFF, 0xFF, 0xE0, 0x0F, 0xFF, 0xFF, 0xC0,
    0x07, 0xFF, 0xFF, 0x00, 0x01, 0xFF, 0xFC, 0x00, 0x00, 0x3F, 0xE0, 0x00, 0x07, 0xF8, 0x00, 0x07,
    0xF8, 0x00, 0x07, 0xF8, 0x00, 0x07, 0xF8, 0x00, 0x07, 0xF8, 0x00, 0x07, 0xF8, 0x00, 0x07, 0xF8,
    0x00, 0x07, 0xF8, 0x00, 0xFF, 0xFF, 0xE0, 0xFF, 0xFF, 0xE0, 0xFF, 0xFF, 0xE0, 0xFF, 0xFF, 0xE0,
    0xFF, 0xFF, 0xE0, 0xFF, 0xFF, 0xE0, 0xFF, 0xFF, 0xE0, 0x07, 0xF8, 0x00, 0x07, 0xF8, 0x00, 0x07,
    0xF8, 0x00, 0x07, 0xF8, 0x00, 0x07, 0xF8, 0x00, 0x07, 0xF8, 0x00, 0x07, 0xF8, 0x00, 0x07, 0xF8,
    0x00, 0x07, 0xF8, 0x00, 0x07, 0xF8, 0x00, 0x07, 0xF8, 0x00, 0x07, 0xF8, 0x00, 0x07, 0xF8, 0x00,
    0x07, 0xF8, 0x00, 0x07, 0xF8, 0x00, 0x07, 0xF8, 0x00, 0x07, 0xF8, 0x00, 0x07, 0xF8, 0x00, 0x07,
    0xF8, 0x00, 0x07, 0xF8, 0x00, 0x07, 0xF8, 0x00, 0x07, 0xF8, 0x00, 0x07, 0xFC, 0x00, 0x07, 0xFF,
    0xE0, 0x03, 0xFF, 0xF0, 0x03, 0xFF, 0xF0, 0x01, 0xFF, 0xF0, 0x00, 0xFF, 0xF0, 0x00, 0x3F, 0xF0,
    0xFF, 0x00, 0x01, 0xFE, 0xFF, 0x00, 0x01, 0xFE, 0xFF, 0x00, 0x01, 0xFE, 0xFF, 0x00, 0x01, 0xFE,
    0xFF, 0x00, 0x01, 0xFE, 0xFF, 0x00, 0x01, 0xFE, 0xFF, 0x00, 0x01, 0xFE, 0xFF, 0x00, 0x01, 0xFE,
    0xFF, 0x00, 0x01, 0xFE, 0xFF, 0x00, 0x01, 0xFE, 0xFF, 0x00, 0x01, 0xFE, 0xFF, 0x00, 0x01, 0xFE,
    0xFF, 0x00, 0x01, 0xFE, 0xFF, 0x00, 0x01, 0xFE, 0xFF, 0x00, 0x01, 0xFE, 0xFF, 0x00, 0x01, 0xFE,
    0xFF, 0x00, 0x01, 0xFE, 0xFF, 0x00, 0x01, 0xFE, 0xFF, 0x00, 0x01, 0xFE, 0xFF, 0x00, 0x01, 0xFE,
    0xFF, 0x00, 0x01, 0xFE, 0xFF, 0x00, 0x01, 0xFE, 0xFF, 0x00, 0x01, 0xFE, 0xFF, 0x80, 0x01, 0xFE,
    0xFF, 0x80, 0x03, 0xFE, 0xFF, 0x80, 0x03, 0xFE, 0x7F, 0x80, 0x07, 0xFE, 0x7F, 0xC0, 0x07, 0xFE,
    0x7F, 0xE0, 0x0F, 0xFE, 0x7F, 0xF8, 0x7F, 0xFE, 0x3F, 0xFF, 0xFD, 0xFE, 0x1F, 0xFF, 0xFD, 0xFE,
    0x1F, 0xFF, 0xF9, 0xFE, 0x0F, 0xFF, 0xF1, 0xFE, 0x07, 0xFF, 0xE1, 0xFE, 0x01, 0xFF, 0x81, 0xFE,
    0xFF, 0x80, 0x00, 0x1F, 0xE0, 0x7F, 0x80, 0x00, 0x3F, 0xE0, 0x7F, 0xC0, 0x00, 0x3F, 0xC0, 0x7F,
    0xC0, 0x00, 0x3F, 0xC0, 0x3F, 0xC0, 0x00, 0x7F, 0xC0, 0x3F, 0xE0, 0x00, 0x7F, 0x80, 0x1F, 0xE0,
    0x00, 0x7F, 0x80, 0x1F, 0xE0, 0x00, 0xFF, 0x80, 0x1F, 0xF0, 0x00, 0xFF, 0x00, 0x0F, 0xF0, 0x00,
    0xFF, 0x00, 0x0F, 0xF0, 0x01, 0xFF, 0x00, 0x0F, 0xF8, 0x01, 0xFE, 0x00, 0x07, 0xF8, 0x01, 0xFE,
    0x00, 0x07, 0xF8, 0x03, 0xFC, 0x00, 0x07, 0xFC, 0x03, 0xFC, 0x00, 0x03, 0xFC, 0x03, 0xFC, 0x00,
    0x03, 0xFC, 0x07, 0xF8, 0x00, 0x01, 0xFE, 0x07, 0xF8, 0x00, 0x01, 0xFE, 0x07, 0xF8, 0x00, 0x01,
    0xFE, 0x0F, 0xF0, 0x00, 0x00, 0xFF, 0x0F, 0xF0, 0x00, 0x00, 0xFF, 0x0F, 0xF0, 0x00, 0x00, 0xFF,
    0x0F, 0xE0, 0x00, 0x00, 0x7F, 0x1F, 0xE0, 0x00, 0x00, 0x7F, 0x9F, 0xC0, 0x00, 0x00, 0x7F, 0x9F,
    0xC0, 0x00, 0x00, 0x3F, 0x9F, 0xC0, 0x00, 0x00, 0x3F, 0xBF, 0x80, 0x00, 0x00, 0x1F, 0xFF, 0x80,
    0x00, 0x00, 0x1F, 0xFF, 0x80, 0x00, 0x00, 0x1F, 0xFF, 0x00, 0x00, 0x00, 0x0F, 0xFF, 0x00, 0x00,
    0x00, 0x0F, 0xFF, 0x00, 0x00, 0x00, 0x0F, 0xFE, 0x00, 0x00, 0x00, 0x07, 0xFE, 0x00, 0x00, 0x00,
    0x07, 0xFC, 0x00, 0x00, 0xFF, 0x00, 0x07, 0xF8, 0x00, 0x3F, 0xC0, 0xFF, 0x00, 0x07, 0xF8, 0x00,
    0x7F, 0xC0, 0xFF, 0x80, 0x0F, 0xF8, 0x00, 0x7F, 0xC0, 0xFF, 0x80, 0x0F, 0xFC, 0x00, 0x7F, 0x80,
    0x7F, 0x80, 0x0F, 0xFC, 0x00, 0x7F, 0x80, 0x7F, 0x80, 0x0F, 0xFC, 0x00, 0xFF, 0x80, 0x7F, 0xC0,
    0x1F, 0xFC, 0x00, 0xFF, 0x00, 0x3F, 0xC0, 0x1F, 0xFE, 0x00, 0xFF, 0x00, 0x3F, 0xC0, 0x1F, 0xFE,
    0x00, 0xFF, 0x00, 0x3F, 0xC0, 0x1F, 0xFE, 0x01, 0xFF, 0x00, 0x3F, 0xC0, 0x3F, 0xFE, 0x01, 0xFE,
    0x00, 0x1F, 0xE0, 0x3F, 0x7F, 0x01, 0xFE, 0x00, 0x1F, 0xE0, 0x3F, 0x7F, 0x01, 0xFE, 0x00, 0x1F,
    0xE0, 0x3F, 0x3F, 0x03, 0xFC, 0x00, 0x0F, 0xE0, 0x7F, 0x3F, 0x03, 0xFC, 0x00, 0x0F, 0xF0, 0x7F,
    0x3F, 0x83, 0xFC, 0x00, 0x0F, 0xF0, 0x7E, 0x3F, 0x83, 0xFC, 0x00, 0x0F, 0xF0, 0x7E, 0x1F, 0x83,
    0xF8, 0x00, 0x07, 0xF0, 0xFE, 0x1F, 0x87, 0xF8, 0x00, 0x07, 0xF8, 0xFE, 0x1F, 0x87, 0xF8, 0x00,
    0x07, 0xF8, 0xFC, 0x1F, 0xC7, 0xF0, 0x00, 0x03, 0xF8, 0xFC, 0x0F, 0xC7, 0xF0, 0x00, 0x03, 0xF8,
    0xFC, 0x0F, 0xCF, 0xF0, 0x00, 0x03, 0xF9, 0xFC, 0x0F, 0xCF, 0xF0, 0x00, 0x03, 0xFD, 0xF8, 0x0F,
    0xEF, 0xE0, 0x00, 0x01, 0xFD, 0xF8, 0x07, 0xEF, 0xE0, 0x00, 0x01, 0xFD, 0xF8, 0x07, 0xEF, 0xE0,
    0x00, 0x01, 0xFF, 0xF0, 0x07, 0xFF, 0xC0, 0x00, 0x00, 0xFF, 0xF0, 0x03, 0xFF, 0xC0, 0x00, 0x00,
    0xFF, 0xF0, 0x03, 0xFF, 0xC0, 0x00, 0x00, 0xFF, 0xF0, 0x03, 0xFF, 0xC0, 0x00, 0x00, 0xFF, 0xE0,
    0x03, 0xFF, 0x80, 0x00, 0x00, 0x7F, 0xE0, 0x01, 0xFF, 0x80, 0x00, 0x00, 0x7F, 0xE0, 0x01, 0xFF,
    0x80, 0x00, 0x00, 0x7F, 0xC0, 0x01, 0xFF, 0x00, 0x00, 0x00, 0x3F, 0xC0, 0x00, 0xFF, 0x00, 0x00,
    0x7F, 0x80, 0x01, 0xFF, 0x00, 0x7F, 0xC0, 0x01, 0xFE, 0x00, 0x3F, 0xE0, 0x03, 0xFE, 0x00, 0x3F,
    0xE0, 0x07, 0xFC, 0x00, 0x1F, 0xF0, 0x07, 0xFC, 0x00, 0x0F, 0xF0, 0x0F, 0xF8, 0x00, 0x0F, 0xF8,
    0x0F, 0xF0, 0x00, 0x07, 0xF8, 0x1F, 0xF0, 0x00, 0x07, 0xFC, 0x1F, 0xE0, 0x00, 0x03, 0xFC, 0x3F,
    0xC0, 0x00, 0x01, 0xFE, 0x3F, 0xC0, 0x00, 0x01, 0xFE, 0x7F, 0x80, 0x00, 0x00, 0xFF, 0x7F, 0x80,
    0x00, 0x00, 0x7F, 0xFF, 0x00, 0x00, 0x00, 0x7F, 0xFE, 0x00, 0x00, 0x00, 0x3F, 0xFE, 0x00, 0x00,
    0x00, 0x3F, 0xFC, 0x00, 0x00, 0x00, 0x1F, 0xFC, 0x00, 0x00, 0x00, 0x1F, 0xFC, 0x00, 0x00, 0x00,
    0x3F, 0xFC, 0x00, 0x00, 0x00, 0x7F, 0xFE, 0x00, 0x00, 0x00, 0x7F, 0xFF, 0x00, 0x00, 0x00, 0xFF,
    0xFF, 0x00, 0x00, 0x01, 0xFE, 0x7F, 0x80, 0x00, 0x01, 0xFE, 0x7F, 0x80, 0x00, 0x03, 0xFC, 0x3F,
    0xC0, 0x00, 0x03, 0xFC, 0x3F, 0xE0, 0x00, 0x07, 0xF8, 0x1F, 0xE0, 0x00, 0x0F, 0xF8, 0x1F, 0xF0,
    0x00, 0x0F, 0xF0, 0x0F, 0xF8, 0x00, 0x1F, 0xF0, 0x07, 0xF8, 0x00, 0x3F, 0xE0, 0x07, 0xFC, 0x00,
    0x3F, 0xC0, 0x03, 0xFE, 0x00, 0x7F, 0xC0, 0x03, 0xFE, 0x00, 0x7F, 0x80, 0x01, 0xFF, 0x00, 0xFF,
    0x80, 0x00, 0xFF, 0x80, 0xFF, 0x80, 0x00, 0x1F, 0xE0, 0x7F, 0x80, 0x00, 0x3F, 0xE0, 0x7F, 0xC0,
    0x00, 0x3F, 0xE0, 0x3F, 0xC0, 0x00, 0x3F, 0xC0, 0x3F, 0xC0, 0x00, 0x7F, 0xC0, 0x3F, 0xE0, 0x00,
    0x7F, 0x80, 0x1F, 0xE0, 0x00, 0x7F, 0x80, 0x1F, 0xE0, 0x00, 0xFF, 0x80, 0x1F, 0xF0, 0x00, 0xFF,
    0x00, 0x0F, 0xF0, 0x00, 0xFF, 0x00, 0x0F, 0xF0, 0x01, 0xFF, 0x00, 0x0F, 0xF8, 0x01, 0xFE, 0x00,
    0x07, 0xF8, 0x01, 0xFE, 0x00, 0x07, 0xF8, 0x03, 0xFC, 0x00, 0x03, 0xFC, 0x03, 0xFC, 0x00, 0x03,
    0xFC, 0x03, 0xFC, 0x00, 0x03, 0xFC, 0x07, 0xF8, 0x00, 0x01, 0xFE, 0x07, 0xF8, 0x00, 0x01, 0xFE,
    0x07, 0xF8, 0x00, 0x01, 0xFE, 0x0F, 0xF0, 0x00, 0x00, 0xFF, 0x0F, 0xF0, 0x00, 0x00, 0xFF, 0x0F,
    0xE0, 0x00, 0x00, 0x7F, 0x1F, 0xE0, 0x00, 0x00, 0x7F, 0x1F, 0xE0, 0x00, 0x00, 0x7F, 0x9F, 0xC0,
    0x00, 0x00, 0x3F, 0x9F, 0xC0, 0x00, 0x00, 0x3F, 0xBF, 0xC0, 0x00, 0x00, 0x3F, 0xBF, 0x80, 0x00,
    0x00, 0x1F, 0xFF, 0x80, 0x00, 0x00, 0x1F, 0xFF, 0x00, 0x00, 0x00, 0x1F, 0xFF, 0x00, 0x00, 0x00,
    0x0F, 0xFF, 0x00, 0x00, 0x00, 0x0F, 0xFE, 0x00, 0x00, 0x00, 0x07, 0xFE, 0x00, 0x00, 0x00, 0x07,
    0xFE, 0x00, 0x00, 0x00, 0x07, 0xFC, 0x00, 0x00, 0x00, 0x07, 0xFC, 0x00, 0x00, 0x00, 0x07, 0xF8,
    0x00, 0x00, 0x00, 0x07, 0xF8, 0x00, 0x00, 0x00, 0x0F, 0xF8, 0x00, 0x00, 0x00, 0x0F, 0xF0, 0x00,
    0x00, 0x00, 0x1F, 0xF0, 0x00, 0x00, 0x07, 0xFF, 0xE0, 0x00, 0x00, 0x0F, 0xFF, 0xE0, 0x00, 0x00,
    0x0F, 0xFF, 0xC0, 0x00, 0x00, 0x0F, 0xFF, 0x80, 0x00, 0x00, 0x1F, 0xFF, 0x00, 0x00, 0x00, 0x1F,
    0xFE, 0x00, 0x00, 0x00, 0x0F, 0xF0, 0x00, 0x00, 0x00, 0xFF, 0xFF, 0xFF, 0xF0, 0xFF, 0xFF, 0xFF,
    0xF0, 0xFF, 0xFF, 0xFF, 0xF0, 0xFF, 0xFF, 0xFF, 0xF0, 0xFF, 0xFF, 0xFF, 0xF0, 0xFF, 0xFF, 0xFF,
    0xF0, 0x7F, 0xFF, 0xFF, 0xE0, 0x00, 0x00, 0x7F, 0xC0, 0x00, 0x00, 0x7F, 0xC0, 0x00, 0x00, 0xFF,
    0x80, 0x00, 0x01, 0xFF, 0x00, 0x00, 0x03, 0xFE, 0x00, 0x00, 0x03, 0xFE, 0x00, 0x00, 0x07, 0xFC,
    0x00, 0x00, 0x0F, 0xF8, 0x00, 0x00, 0x1F, 0xF8, 0x00, 0x00, 0x1F, 0xF0, 0x00, 0x00, 0x3F, 0xE0,
    0x00, 0x00, 0x7F, 0xC0, 0x00, 0x00, 0xFF, 0xC0, 0x00, 0x00, 0xFF, 0x80, 0x00, 0x01, 0xFF, 0x00,
    0x00, 0x03, 0xFF, 0x00, 0x00, 0x07, 0xFE, 0x00, 0x00, 0x07, 0xFC, 0x00, 0x00, 0x0F, 0xF8, 0x00,
    0x00, 0x1F, 0xF8, 0x00, 0x00, 0x3F, 0xF0, 0x00, 0x00, 0x3F, 0xE0, 0x00, 0x00, 0x7F, 0xFF, 0xFF,
    0xF0, 0xFF, 0xFF, 0xFF, 0xF0, 0xFF, 0xFF, 0xFF, 0xF0, 0xFF, 0xFF, 0xFF, 0xF0, 0xFF, 0xFF, 0xFF,
    0xF0, 0xFF, 0xFF, 0xFF, 0xF0, 0xFF, 0xFF, 0xFF, 0xF0, 0x00, 0x00, 0xFC, 0x00, 0x07, 0xFC, 0x00,
    0x1F, 0xFC, 0x00, 0x3F, 0xFC, 0x00, 0x7F, 0xFC, 0x00, 0x7F, 0xFC, 0x00, 0xFF, 0xF8, 0x00, 0xFF,
    0x80, 0x00, 0xFF, 0x00, 0x00, 0xFF, 0x00, 0x01, 0xFE, 0x00, 0x01, 0xFE, 0x00, 0x01, 0xFE, 0x00,
    0x01, 0xFE, 0x00, 0x01, 0xFE, 0x00, 0x01, 0xFE, 0x00, 0x01, 0xFE, 0x00, 0x01, 0xFE, 0x00, 0x01,
    0xFE, 0x00, 0x01, 0xFE, 0x00, 0x01, 0xFE, 0x00, 0x01, 0xFE, 0x00, 0x01, 0xFE, 0x00, 0x03, 0xFC,
    0x00, 0x0F, 0xFC, 0x00, 0xFF, 0xF8, 0x00, 0xFF, 0xF8, 0x00, 0xFF, 0xE0, 0x00, 0xFF, 0x00, 0x00,
    0xFF, 0x00, 0x00, 0xFF, 0xE0, 0x00, 0xFF, 0xF0, 0x00, 0xFF, 0xF8, 0x00, 0x0F, 0xFC, 0x00, 0x03,
    0xFC, 0x00, 0x03, 0xFE, 0x00, 0x01, 0xFE, 0x00, 0x01, 0xFE, 0x00, 0x01, 0xFE, 0x00, 0x01, 0xFE,
    0x00, 0x01, 0xFE, 0x00, 0x01, 0xFE, 0x00, 0x01, 0xFE, 0x00, 0x01, 0xFE, 0x00, 0x01, 0xFE, 0x00,
    0x01, 0xFE, 0x00, 0x01, 0xFE, 0x00, 0x01, 0xFE, 0x00, 0x01, 0xFE, 0x00, 0x00, 0xFF, 0x00, 0x00,
    0xFF, 0x00, 0x00, 0xFF, 0xC0, 0x00, 0xFF, 0xF8, 0x00, 0x7F, 0xFC, 0x00, 0x7F, 0xFC, 0x00, 0x3F,
    0xFC, 0x00, 0x1F, 0xFC, 0x00, 0x07, 0xFC, 0x00, 0x00, 0xFC, 0xFE, 0xFE, 0xFE, 0xFE, 0xFE, 0xFE,
    0xFE, 0xFE, 0xFE, 0xFE, 0xFE, 0xFE, 0xFE, 0xFE, 0xFE, 0xFE, 0xFE, 0xFE, 0xFE, 0xFE, 0xFE, 0xFE,
    0xFE, 0xFE, 0xFE, 0xFE, 0xFE, 0xFE, 0xFE, 0xFE, 0xFE, 0xFE, 0xFE, 0xFE, 0xFE, 0xFE, 0xFE, 0xFE,
    0xFE, 0xFE, 0xFE, 0xFE, 0xFE, 0xFE, 0xFE, 0xFE, 0xFE, 0xFE, 0xFE, 0xFE, 0xFE, 0xFE, 0xFE, 0xFE,
    0xFE, 0xFE, 0xFE, 0xFE, 0xFE, 0xFE, 0xFE, 0xFE, 0xFE, 0xFE, 0xFE, 0xFE, 0xFE, 0xFE, 0xFE, 0xFE,
    0xFE, 0xFE, 0xFE, 0xFE, 0xFE, 0xFE, 0xFE, 0xFE, 0xFC, 0x00, 0x00, 0xFF, 0x80, 0x00, 0xFF, 0xE0,
    0x00, 0xFF, 0xF0, 0x00, 0xFF, 0xF8, 0x00, 0xFF, 0xF8, 0x00, 0x7F, 0xFC, 0x00, 0x07, 0xFC, 0x00,
    0x03, 0xFC, 0x00, 0x01, 0xFE, 0x00, 0x01, 0xFE, 0x00, 0x01, 0xFE, 0x00, 0x01, 0xFE, 0x00, 0x01,
    0xFE, 0x00, 0x01, 0xFE, 0x00, 0x01, 0xFE, 0x00, 0x01, 0xFE, 0x00, 0x01, 0xFE, 0x00, 0x01, 0xFE,
    0x00, 0x01, 0xFE, 0x00, 0x01, 0xFE, 0x00, 0x01, 0xFE, 0x00, 0x01, 0xFF, 0x00, 0x00, 0xFF, 0x00,
    0x00, 0xFF, 0xC0, 0x00, 0x7F, 0xFC, 0x00, 0x3F, 0xFC, 0x00, 0x1F, 0xFC, 0x00, 0x03, 0xFC, 0x00,
    0x03, 0xFC, 0x00, 0x1F, 0xFC, 0x00, 0x3F, 0xFC, 0x00, 0x7F, 0xFC, 0x00, 0xFF, 0xC0, 0x00, 0xFF,
    0x00, 0x01, 0xFF, 0x00, 0x01, 0xFE, 0x00, 0x01, 0xFE, 0x00, 0x01, 0xFE, 0x00, 0x01, 0xFE, 0x00,
    0x01, 0xFE, 0x00, 0x01, 0xFE, 0x00, 0x01, 0xFE, 0x00, 0x01, 0xFE, 0x00, 0x01, 0xFE, 0x00, 0x01,
    0xFE, 0x00, 0x01, 0xFE, 0x00, 0x01, 0xFE, 0x00, 0x01, 0xFE, 0x00, 0x03, 0xFE, 0x00, 0x03, 0xFC,
    0x00, 0x07, 0xFC, 0x00, 0x7F, 0xFC, 0x00, 0xFF, 0xF8, 0x00, 0xFF, 0xF8, 0x00, 0xFF, 0xF0, 0x00,
    0xFF, 0xE0, 0x00, 0xFF, 0x80, 0x00, 0xFC, 0x00, 0x00, 0x00, 0xE0, 0x00, 0x00, 0x00, 0x07, 0xFC,
    0x00, 0x1F, 0x80, 0x0F, 0xFF, 0x00, 0x3F, 0x80, 0x1F, 0xFF, 0x80, 0x3F, 0x80, 0x3F, 0xFF, 0xC0,
    0x3F, 0x80, 0x7F, 0xFF, 0xE0, 0x3F, 0x80, 0x7F, 0xFF, 0xF8, 0xFF, 0x80, 0x7F, 0x8F, 0xFF, 0xFF,
    0x00, 0xFF, 0x03, 0xFF, 0xFF, 0x00, 0xFE, 0x01, 0xFF, 0xFE, 0x00, 0xFE, 0x00, 0xFF, 0xFE, 0x00,
    0xFE, 0x00, 0x7F, 0xFC, 0x00, 0xFC, 0x00, 0x3F, 0xF8, 0x00, 0x00, 0x00, 0x07, 0xC0, 0x00, 0x01,
    0xFC, 0x00, 0x07, 0xFF, 0x00, 0x0F, 0xFF, 0xC0, 0x1F, 0xFF, 0xE0, 0x3F, 0xFF, 0xE0, 0x7F, 0xFF,
    0xF0, 0x7F, 0x07, 0xF8, 0xFE, 0x03, 0xF8, 0xFC, 0x01, 0xF8, 0xFC, 0x00, 0xF8, 0xFC, 0x00, 0xFC,
    0xFC, 0x00, 0xFC, 0xFC, 0x00, 0xF8, 0xFC, 0x01, 0xF8, 0xFE, 0x03, 0xF8, 0x7F, 0x07, 0xF8, 0x7F,
    0xFF, 0xF0, 0x3F, 0xFF, 0xE0, 0x1F, 0xFF, 0xE0, 0x0F, 0xFF, 0x80, 0x07, 0xFF, 0x00, 0x01, 0xFC,
    0x00,
};
